date,year,doy,image_count,midday_filename,midday_r,midday_g,midday_b,midday_gcc,midday_rcc,r_mean,r_std,g_mean,g_std,b_mean,b_std,gcc_mean,gcc_std,gcc_50,gcc_75,gcc_90,rcc_mean,rcc_std,rcc_50,rcc_75,rcc_90,max_solar_elev,snow_flag,outlierflag_gcc_mean,outlierflag_gcc_50,outlierflag_gcc_75,outlierflag_gcc_90,smooth_gcc_mean,smooth_gcc_50,smooth_gcc_75,smooth_gcc_90,smooth_rcc_mean,smooth_rcc_50,smooth_rcc_75,smooth_rcc_90,smooth_ci_gcc_mean,smooth_ci_gcc_50,smooth_ci_gcc_75,smooth_ci_gcc_90,smooth_ci_rcc_mean,smooth_ci_rcc_50,smooth_ci_rcc_75,smooth_ci_rcc_90,int_flag,evi
4/1/2023,2023,91,22,goodwaterbau_2023_04_01_115305.jpg,124.78112,107.53932,78.13625,0.34639,0.40193,117.37325,4.61566,103.66416,2.27311,78.14973,5.3078,0.34649,0.00097,0.3463,0.34747,0.34791,0.3924,0.01526,0.40151,0.40443,0.40518,55.34555,NA,0,0,0,0,0.34539,0.34533,0.34626,0.34673,0.39825,0.40206,0.40731,0.41267,0.00198,0.00206,0.00222,0.00255,0.01062,0.01097,0.0111,0.01138,NA,0.138587214
4/2/2023,2023,92,22,goodwaterbau_2023_04_02_115305.jpg,122.43398,103.97629,74.5835,0.34544,0.40677,124.73355,4.12043,106.51777,3.60207,77.41702,3.44594,0.34508,0.00072,0.34511,0.34556,0.34606,0.40415,0.00595,0.40532,0.40714,0.40812,55.72467,NA,0,0,0,0,0.3468,0.34674,0.34772,0.34818,0.39699,0.4007,0.40557,0.41035,0.0019,0.00198,0.00213,0.00245,0.0102,0.01053,0.01066,0.01093,NA,0.134813866
4/3/2023,2023,93,22,goodwaterbau_2023_04_03_115306.jpg,134.67514,114.80534,82.29309,0.34604,0.40592,122.62071,8.19138,105.8344,4.90916,77.45072,4.5872,0.34599,0.00075,0.34599,0.34649,0.34667,0.40063,0.01413,0.40055,0.40763,0.41433,56.10207,NA,0,0,0,0,0.34863,0.34858,0.34959,0.35004,0.39533,0.39892,0.4032,0.40705,0.00183,0.0019,0.00206,0.00236,0.00982,0.01014,0.01026,0.01052,NA,0.131402501
4/4/2023,2023,94,22,goodwaterbau_2023_04_04_115306.jpg,124.93148,108.79817,78.68623,0.34825,0.39989,120.47988,7.46895,106.89402,4.43815,79.55597,4.7627,0.34829,0.00279,0.34781,0.34998,0.35071,0.39236,0.01321,0.3987,0.40059,0.40379,56.47768,NA,0,0,0,0,0.35054,0.35049,0.35152,0.35195,0.39412,0.39755,0.40123,0.40411,0.0019,0.00198,0.00213,0.00245,0.0102,0.01053,0.01066,0.01093,NA,0.128353118
4/5/2023,2023,95,22,goodwaterbau_2023_04_05_115305.jpg,118.9595,107.37396,78.0212,0.35279,0.39086,113.52396,5.34818,104.10985,3.19959,77.06988,4.48852,0.35327,0.00099,0.35322,0.35406,0.35433,0.3852,0.01305,0.38884,0.39541,0.39629,56.8517,NA,0,0,0,0,0.35219,0.35214,0.35317,0.35361,0.39419,0.39745,0.40071,0.40289,0.00198,0.00206,0.00222,0.00255,0.01062,0.01097,0.0111,0.01138,NA,0.125665718
4/6/2023,2023,96,22,goodwaterbau_2023_04_06_115306.jpg,121.12087,107.92528,75.57662,0.35429,0.39761,120.66071,6.56283,108.69586,4.05246,78.2641,2.95354,0.35334,0.00125,0.3535,0.35436,0.35473,0.39204,0.00969,0.3958,0.39769,0.40003,57.22348,NA,0,0,0,0,0.35405,0.35399,0.355,0.35544,0.39591,0.3989,0.40195,0.40374,0.00191,0.00199,0.00214,0.00246,0.01024,0.01057,0.0107,0.01097,NA,0.1233403
4/7/2023,2023,97,22,goodwaterbau_2023_04_07_115305.jpg,128.35238,114.61428,79.3173,0.35563,0.39826,127.63984,5.13109,113.40622,4.31674,77.72614,3.53628,0.35576,0.00116,0.35559,0.35675,0.35754,0.40042,0.00601,0.40116,0.40305,0.40511,57.59289,NA,0,0,0,0,0.35615,0.35609,0.35705,0.3575,0.3986,0.40127,0.40417,0.40568,0.00191,0.00199,0.00214,0.00246,0.01024,0.01057,0.0107,0.01097,NA,0.121376865
4/8/2023,2023,98,22,goodwaterbau_2023_04_08_115306.jpg,125.92848,111.85478,73.65868,0.35915,0.40434,125.70493,4.5904,112.14993,3.77637,74.2994,3.78623,0.35931,0.00112,0.3593,0.36044,0.36071,0.40274,0.00573,0.40462,0.40529,0.40611,57.96048,NA,0,0,0,0,0.35749,0.35742,0.35834,0.35884,0.40156,0.40395,0.40672,0.40809,0.00198,0.00206,0.00222,0.00255,0.01062,0.01097,0.0111,0.01138,NA,0.119775413
4/9/2023,2023,99,22,goodwaterbau_2023_04_09_115305.jpg,130.31761,114.81166,74.59159,0.3591,0.4076,129.76816,5.96214,115.15815,4.54326,75.15738,3.55942,0.35981,0.00095,0.36009,0.3605,0.36088,0.40538,0.00572,0.40613,0.40847,0.41034,58.32622,NA,0,0,0,0,0.35815,0.35802,0.35898,0.35957,0.40606,0.40824,0.41087,0.41225,0.00193,0.00201,0.00217,0.0025,0.01038,0.01072,0.01085,0.01112,NA,0.118535943
4/10/2023,2023,100,22,goodwaterbau_2023_04_10_115305.jpg,128.23691,114.50789,75.36431,0.35996,0.40312,127.89893,8.55645,114.43722,4.68288,75.36251,5.47066,0.36025,0.00126,0.36009,0.361,0.36148,0.4024,0.01642,0.40856,0.41476,0.41575,58.689,NA,0,0,0,0,0.35837,0.35818,0.35917,0.35986,0.41078,0.41277,0.41529,0.41676,0.00198,0.00206,0.00222,0.00255,0.01062,0.01097,0.0111,0.01138,NA,0.117658456
4/11/2023,2023,101,22,goodwaterbau_2023_04_11_115305.jpg,134.37804,114.69306,71.2847,0.35802,0.41946,128.92106,4.39131,110.74386,3.86989,68.63355,3.27939,0.35922,0.00088,0.35905,0.35962,0.36046,0.41822,0.00492,0.41894,0.42134,0.42215,59.04977,NA,0,0,0,0,0.35753,0.35734,0.35836,0.35912,0.41456,0.41632,0.41884,0.42045,0.0019,0.00198,0.00213,0.00245,0.0102,0.01053,0.01066,0.01093,NA,0.117142951
4/12/2023,2023,102,22,goodwaterbau_2023_04_12_115305.jpg,125.62006,104.23616,62.69758,0.3563,0.42939,129.96345,4.95659,108.59676,4.63746,66.44555,4.04118,0.35606,0.0013,0.35565,0.35669,0.35782,0.42622,0.00525,0.42711,0.42897,0.4296,59.4081,NA,0,0,0,0,0.35585,0.35569,0.35674,0.35758,0.41877,0.42028,0.42288,0.42473,0.00183,0.0019,0.00206,0.00236,0.00982,0.01014,0.01026,0.01052,NA,0.116989429
4/13/2023,2023,103,22,goodwaterbau_2023_04_13_115306.jpg,132.45408,108.2173,67.02535,0.3517,0.43047,135.88523,6.3181,111.68429,4.8546,69.9632,4.12546,0.35176,0.00154,0.35114,0.35282,0.35391,0.42797,0.0066,0.42886,0.43077,0.43406,59.76392,NA,0,0,0,0,0.35378,0.35364,0.35472,0.35564,0.42257,0.42388,0.42662,0.4288,0.0019,0.00198,0.00213,0.00245,0.0102,0.01053,0.01066,0.01093,NA,0.11719789
4/14/2023,2023,104,22,goodwaterbau_2023_04_14_115305.jpg,135.89764,109.60281,68.649,0.34889,0.43259,137.77353,6.05278,112.16831,4.19984,71.01309,4.47992,0.34948,0.00092,0.34913,0.35023,0.35074,0.42929,0.0115,0.43076,0.43318,0.43693,60.11713,NA,0,0,0,0,0.35174,0.35163,0.35271,0.3537,0.42515,0.42635,0.42928,0.43183,0.00198,0.00206,0.00222,0.00255,0.01062,0.01097,0.0111,0.01138,NA,0.117768333
4/15/2023,2023,105,22,goodwaterbau_2023_04_15_115306.jpg,168.91401,134.39733,85.74326,0.34545,0.43417,135.59443,11.27285,113.31394,7.14735,73.92168,4.78401,0.35116,0.00311,0.35089,0.35267,0.35488,0.4197,0.00793,0.42076,0.42455,0.42963,60.46765,NA,0,0,0,0,0.3495,0.34943,0.35046,0.35149,0.42601,0.4272,0.43045,0.43355,0.0019,0.00198,0.00213,0.00245,0.0102,0.01053,0.01066,0.01093,NA,0.118700759
4/16/2023,2023,106,22,goodwaterbau_2023_04_16_115305.jpg,126.04103,103.95871,67.02805,0.35,0.42434,130.41082,4.228,107.82452,2.68881,70.22458,2.48217,0.34957,0.00106,0.34968,0.35055,0.35069,0.42276,0.00668,0.42388,0.42731,0.42964,60.81539,NA,0,0,0,0,0.34683,0.34681,0.34776,0.34883,0.4257,0.42696,0.43064,0.43448,0.00183,0.0019,0.00206,0.00236,0.00982,0.01014,0.01026,0.01052,NA,0.119995167
4/17/2023,2023,107,22,goodwaterbau_2023_04_17_115305.jpg,138.66955,109.07649,68.33988,0.34508,0.43871,140.12512,9.10902,111.58092,6.93164,73.16723,5.06753,0.34339,0.00275,0.34474,0.34504,0.34599,0.43123,0.00956,0.43366,0.43585,0.43926,61.16026,NA,0,0,0,0,0.34416,0.3442,0.34505,0.34613,0.42494,0.42632,0.4304,0.43494,0.0019,0.00198,0.00213,0.00245,0.0102,0.01053,0.01066,0.01093,NA,0.121651558
4/18/2023,2023,108,19,goodwaterbau_2023_04_18_115305.jpg,131.0705,105.79168,75.94093,0.33821,0.41902,135.41323,8.23492,107.64872,6.44853,75.07381,5.06225,0.3384,0.0011,0.3381,0.33875,0.3398,0.42568,0.00497,0.4258,0.42896,0.43047,61.50272,NA,0,0,0,0,0.34195,0.34201,0.34278,0.34385,0.42441,0.42598,0.43031,0.43527,0.00198,0.00206,0.00222,0.00255,0.01062,0.01097,0.0111,0.01138,NA,0.123669932
4/19/2023,2023,109,24,goodwaterbau_2023_04_19_115305.jpg,123.53444,99.25086,69.56369,0.33949,0.42256,129.16673,9.76503,103.4735,6.46728,72.76534,4.81608,0.33886,0.00099,0.33903,0.33947,0.34002,0.42275,0.00982,0.42262,0.43009,0.43433,61.85314,NA,0,0,0,0,0.34014,0.34018,0.34087,0.34191,0.42407,0.42601,0.43032,0.4354,0.0019,0.00198,0.00213,0.00245,0.0102,0.01053,0.01066,0.01093,NA,0.126050288
4/20/2023,2023,110,24,goodwaterbau_2023_04_20_115305.jpg,123.03326,100.31718,71.88833,0.33978,0.41672,123.2742,8.85637,100.3391,5.38175,71.46021,6.75374,0.34004,0.00222,0.33983,0.34076,0.34381,0.41779,0.02054,0.42119,0.42995,0.44149,62.2003,NA,0,0,0,0,0.33847,0.33843,0.33903,0.34002,0.42354,0.42598,0.43012,0.43518,0.00183,0.0019,0.00206,0.00236,0.00982,0.01014,0.01026,0.01052,NA,0.128792627
4/21/2023,2023,111,24,goodwaterbau_2023_04_21_115305.jpg,143.9543,111.80154,77.83631,0.33514,0.43153,133.46842,11.18921,104.85538,6.55488,73.72862,6.9277,0.33606,0.00178,0.33561,0.33612,0.33656,0.42756,0.0208,0.43172,0.43391,0.44213,62.54409,NA,0,0,0,0,0.33698,0.33687,0.33739,0.33833,0.42302,0.42593,0.42989,0.43482,0.0019,0.00198,0.00213,0.00245,0.0102,0.01053,0.01066,0.01093,NA,0.131896948
4/22/2023,2023,112,24,goodwaterbau_2023_04_22_115305.jpg,126.75684,101.96753,73.98948,0.33684,0.41873,125.90432,5.59344,102.58885,2.09606,75.92342,4.32436,0.33701,0.00078,0.33692,0.33726,0.33743,0.41354,0.01509,0.41717,0.41998,0.42123,62.88442,NA,0,0,0,0,0.33576,0.3356,0.33608,0.33696,0.4227,0.42589,0.42981,0.43456,0.00198,0.00206,0.00222,0.00255,0.01062,0.01097,0.0111,0.01138,NA,0.135363252
4/23/2023,2023,113,24,goodwaterbau_2023_04_23_115305.jpg,133.32175,102.86162,71.90898,0.33387,0.43273,132.92648,10.46085,105.11362,6.2887,76.06564,6.13756,0.33467,0.00161,0.33425,0.33477,0.33505,0.42301,0.01783,0.42642,0.42958,0.43263,63.22119,NA,0,0,0,0,0.3349,0.33475,0.33521,0.33604,0.42267,0.42587,0.42996,0.43433,0.0019,0.00198,0.00213,0.00245,0.0102,0.01053,0.01066,0.01093,NA,0.139191539
4/24/2023,2023,114,23,goodwaterbau_2023_04_24_115305.jpg,148.57773,115.58556,82.73482,0.3332,0.4283,136.12856,10.09751,106.46742,7.0755,76.32338,5.80849,0.33386,0.00097,0.33375,0.33458,0.33498,0.42678,0.01105,0.42904,0.43279,0.43821,63.5543,NA,0,0,0,0,0.33437,0.33424,0.33471,0.33548,0.42275,0.42583,0.43019,0.43395,0.00183,0.0019,0.00206,0.00236,0.00982,0.01014,0.01026,0.01052,NA,0.143381808
4/25/2023,2023,115,23,goodwaterbau_2023_04_25_115306.jpg,130.15859,112.62797,92.64702,0.33577,0.38803,133.05763,9.54669,105.38885,5.67475,76.97892,5.82229,0.33415,0.00128,0.33407,0.3343,0.33616,0.42171,0.01565,0.42902,0.43168,0.43373,63.88408,NA,0,0,0,0,0.33398,0.33389,0.33438,0.33508,0.42281,0.42573,0.43034,0.43347,0.0019,0.00198,0.00213,0.00245,0.0102,0.01053,0.01066,0.01093,NA,0.14793406
4/26/2023,2023,116,24,goodwaterbau_2023_04_26_115306.jpg,146.72371,114.03389,81.83115,0.33286,0.42828,136.09475,8.95855,105.90049,6.74665,75.79406,5.26409,0.33326,0.00054,0.3332,0.33344,0.33391,0.42826,0.00552,0.42916,0.43096,0.43138,64.20957,NA,0,0,0,0,0.33359,0.33352,0.33402,0.33466,0.42267,0.42551,0.43028,0.43295,0.00198,0.00206,0.00222,0.00255,0.01062,0.01097,0.0111,0.01138,NA,0.152848294
4/27/2023,2023,117,24,goodwaterbau_2023_04_27_115306.jpg,135.04286,105.54211,76.44293,0.33291,0.42597,131.40876,7.19054,103.80983,4.05336,75.76246,3.6053,0.33384,0.00104,0.33392,0.33449,0.33521,0.42242,0.01041,0.42354,0.4301,0.43318,64.53111,NA,0,0,0,0,0.33318,0.33311,0.33361,0.3342,0.42222,0.42505,0.42993,0.43236,0.0019,0.00198,0.00213,0.00245,0.0102,0.01053,0.01066,0.01093,NA,0.158124511
4/28/2023,2023,118,24,goodwaterbau_2023_04_28_115305.jpg,154.17621,119.5105,86.33199,0.33196,0.42825,132.98569,8.99814,104.66413,5.44511,76.60137,4.85964,0.33308,0.00101,0.3334,0.33381,0.3342,0.42303,0.01292,0.42412,0.43336,0.43607,64.84819,NA,0,0,0,0,0.33286,0.33279,0.33328,0.33384,0.42158,0.42439,0.42939,0.43168,0.00183,0.0019,0.00206,0.00236,0.00982,0.01014,0.01026,0.01052,NA,0.163762711
4/29/2023,2023,119,24,goodwaterbau_2023_04_29_115305.jpg,141.79333,109.83101,79.28638,0.33191,0.42849,135.98823,9.83033,108.02996,5.64031,80.54895,3.18476,0.33288,0.00114,0.33243,0.33366,0.33431,0.41861,0.01014,0.42044,0.42722,0.42872,65.16154,NA,0,0,0,0,0.33265,0.33257,0.33307,0.33359,0.42089,0.42368,0.42877,0.431,0.0019,0.00198,0.00213,0.00245,0.0102,0.01053,0.01066,0.01093,NA,0.169762893
4/30/2023,2023,120,20,goodwaterbau_2023_04_30_115305.jpg,112.56182,89.06623,66.04588,0.33274,0.42052,129.75741,14.38126,102.98042,8.07769,76.81437,5.88379,0.33274,0.00133,0.33293,0.33315,0.33387,0.41839,0.01991,0.4219,0.42964,0.43341,65.47068,NA,0,0,0,0,0.33254,0.33245,0.33296,0.33349,0.42033,0.4231,0.42816,0.43042,0.00198,0.00206,0.00222,0.00255,0.01062,0.01097,0.0111,0.01138,NA,0.176125058
5/1/2023,2023,121,14,goodwaterbau_2023_05_01_122306.jpg,158.51358,123.54919,90.95446,0.33122,0.42495,136.55668,14.32599,109.37083,8.98039,83.20907,8.04127,0.33234,0.00134,0.33205,0.33246,0.3327,0.41454,0.01963,0.41835,0.42069,0.42562,65.64032,NA,0,0,0,0,0.33249,0.33236,0.33291,0.33348,0.41998,0.4228,0.42758,0.43002,0.0019,0.00198,0.00213,0.00245,0.0102,0.01053,0.01066,0.01093,NA,0.182849205
5/2/2023,2023,122,24,goodwaterbau_2023_05_02_115305.jpg,143.20342,111.61017,81.91563,0.33145,0.42528,134.94216,10.04926,106.79692,6.64774,79.73477,6.48266,0.33224,0.0011,0.33203,0.33249,0.33274,0.4197,0.01454,0.42436,0.42634,0.42656,66.0759,NA,0,0,0,0,0.33248,0.3323,0.3329,0.33353,0.41975,0.4227,0.42698,0.42972,0.00183,0.0019,0.00206,0.00236,0.00982,0.01014,0.01026,0.01052,NA,0.189935335
5/3/2023,2023,123,24,goodwaterbau_2023_05_03_115305.jpg,144.49177,112.64075,82.8778,0.33129,0.42496,136.16487,10.55927,107.64033,7.06265,80.24178,6.75965,0.33221,0.00124,0.33198,0.33259,0.33287,0.42014,0.01467,0.42399,0.42743,0.42902,66.37182,NA,0,0,0,0,0.33259,0.33235,0.333,0.33371,0.41953,0.4226,0.42636,0.42941,0.0019,0.00198,0.00213,0.00245,0.0102,0.01053,0.01066,0.01093,NA,0.197383448
5/4/2023,2023,124,24,goodwaterbau_2023_05_04_115305.jpg,146.34369,114.32634,84.16907,0.33154,0.42438,138.57224,8.02619,108.28856,5.43549,78.96598,4.11379,0.33239,0.00089,0.33207,0.33266,0.33381,0.4252,0.00615,0.42635,0.42867,0.43101,66.66317,NA,0,0,0,0,0.33287,0.3326,0.33331,0.33408,0.41921,0.42231,0.42573,0.42898,0.00198,0.00206,0.00222,0.00255,0.01062,0.01097,0.0111,0.01138,NA,0.205193543
5/5/2023,2023,125,24,goodwaterbau_2023_05_05_115306.jpg,148.94919,116.62853,84.45114,0.3332,0.42553,133.25859,9.57117,105.97898,6.38124,77.81322,5.47269,0.3343,0.00165,0.33398,0.33496,0.33557,0.4202,0.012,0.42352,0.42531,0.42779,66.95029,NA,0,0,0,0,0.33314,0.33289,0.33366,0.33447,0.41903,0.42197,0.42535,0.42869,0.0019,0.00198,0.00213,0.00245,0.0102,0.01053,0.01066,0.01093,NA,0.213365621
5/6/2023,2023,126,24,goodwaterbau_2023_05_06_115306.jpg,149.33183,115.74168,82.76847,0.33274,0.42931,134.35426,9.76096,108.31856,6.0754,80.57331,5.91349,0.33516,0.00202,0.33503,0.33577,0.33766,0.41552,0.01411,0.41766,0.42257,0.42926,67.23224,NA,0,0,0,0,0.33338,0.33318,0.33402,0.33487,0.41905,0.42167,0.42518,0.42862,0.00183,0.0019,0.00206,0.00236,0.00982,0.01014,0.01026,0.01052,NA,0.221899681
5/7/2023,2023,127,24,goodwaterbau_2023_05_07_115305.jpg,163.5655,128.11638,93.86529,0.3323,0.42424,138.86833,12.19597,111.8054,8.38783,83.89238,7.24229,0.33428,0.00167,0.3341,0.33518,0.33573,0.41493,0.0121,0.41477,0.42034,0.42556,67.50896,NA,0,0,0,0,0.33388,0.33375,0.33467,0.33555,0.41884,0.42111,0.42485,0.42838,0.0019,0.00198,0.00213,0.00245,0.0102,0.01053,0.01066,0.01093,NA,0.230795724
5/8/2023,2023,128,24,goodwaterbau_2023_05_08_115306.jpg,158.22689,124.19971,90.63913,0.33292,0.42413,133.97609,14.17526,106.27253,10.75293,77.25965,10.1106,0.33481,0.00169,0.33449,0.33588,0.33704,0.42222,0.01617,0.42715,0.43342,0.43724,67.78164,NA,0,0,0,0,0.33496,0.33486,0.3359,0.3368,0.418,0.42001,0.42395,0.42758,0.00198,0.00206,0.00222,0.00255,0.01062,0.01097,0.0111,0.01138,NA,0.24005375
5/9/2023,2023,129,24,goodwaterbau_2023_05_09_115305.jpg,151.37186,120.5388,89.00683,0.33398,0.41941,139.22873,10.48502,112.38951,7.27987,83.58277,5.50181,0.33536,0.00119,0.33538,0.33601,0.33684,0.41518,0.00713,0.4168,0.41885,0.42166,68.04846,NA,0,0,0,0,0.33656,0.33648,0.33766,0.33855,0.41629,0.41814,0.4223,0.42605,0.00191,0.00199,0.00214,0.00246,0.01024,0.01057,0.0107,0.01097,NA,0.249673758
5/10/2023,2023,130,24,goodwaterbau_2023_05_10_115305.jpg,161.19284,128.72802,94.29405,0.33504,0.41954,140.28336,11.6065,114.135,7.11499,83.97039,5.46404,0.3374,0.00179,0.33725,0.33893,0.33968,0.41423,0.01148,0.41972,0.4204,0.4211,68.31066,NA,0,0,0,0,0.33851,0.33844,0.33979,0.34062,0.41408,0.4158,0.42024,0.42407,0.00191,0.00199,0.00214,0.00246,0.01024,0.01057,0.0107,0.01097,NA,0.259655749
5/11/2023,2023,131,24,goodwaterbau_2023_05_11_115305.jpg,139.41635,113.48058,81.83056,0.33902,0.41651,131.96068,4.8441,109.46512,3.94805,80.24384,4.26724,0.34031,0.00085,0.34038,0.34095,0.34142,0.41032,0.00803,0.4108,0.41601,0.41753,68.5677,NA,0,0,0,0,0.3409,0.34084,0.34233,0.34316,0.41185,0.41351,0.4181,0.42194,0.00198,0.00206,0.00222,0.00255,0.01062,0.01097,0.0111,0.01138,NA,0.269999722
5/12/2023,2023,132,24,goodwaterbau_2023_05_12_115305.jpg,139.60307,111.20214,76.69558,0.33955,0.42627,126.19672,8.58565,104.24182,5.32762,73.44806,3.77267,0.34313,0.00216,0.34357,0.34502,0.34551,0.41504,0.0069,0.41214,0.41936,0.4265,68.81949,NA,0,0,0,0,0.34415,0.34407,0.34567,0.34648,0.40936,0.41112,0.41576,0.41947,0.00193,0.00201,0.00217,0.0025,0.01038,0.01072,0.01085,0.01112,NA,0.280705678
5/13/2023,2023,133,24,goodwaterbau_2023_05_13_115305.jpg,141.51325,113.1725,76.43152,0.34179,0.42738,124.93528,8.57517,104.92965,5.49024,73.30556,4.84799,0.34626,0.00279,0.34673,0.34876,0.34963,0.41194,0.00815,0.41082,0.41613,0.42183,69.06595,NA,0,0,0,0,0.34772,0.34764,0.34934,0.35018,0.40675,0.40861,0.41324,0.41679,0.00198,0.00206,0.00222,0.00255,0.01062,0.01097,0.0111,0.01138,NA,0.291773617
5/14/2023,2023,134,24,goodwaterbau_2023_05_14_115305.jpg,125.37975,113.88461,87.83494,0.34817,0.38331,127.01482,13.90525,110.2512,7.95732,78.65517,6.11146,0.34929,0.00446,0.34808,0.35191,0.354,0.40128,0.01659,0.40895,0.41284,0.41585,69.30699,NA,0,0,0,0,0.35148,0.3514,0.35321,0.35421,0.40421,0.40608,0.41056,0.41401,0.0019,0.00198,0.00213,0.00245,0.0102,0.01053,0.01066,0.01093,NA,0.303203538
5/15/2023,2023,135,24,goodwaterbau_2023_05_15_115305.jpg,104.18849,95.96041,65.07671,0.36181,0.39283,105.35521,4.35543,96.96846,2.42502,66.28338,2.07879,0.36103,0.00126,0.36078,0.3619,0.36274,0.39212,0.0079,0.39251,0.39553,0.39864,69.54251,NA,0,0,0,0,0.35578,0.35569,0.35764,0.35887,0.40144,0.40334,0.40755,0.41089,0.00183,0.0019,0.00206,0.00236,0.00982,0.01014,0.01026,0.01052,NA,0.314995442
5/16/2023,2023,136,24,goodwaterbau_2023_05_16_115305.jpg,102.03939,89.69173,56.54766,0.36125,0.41099,105.16109,6.59717,98.12263,3.70447,66.7107,3.61288,0.3635,0.00276,0.36358,0.36485,0.36581,0.38929,0.01309,0.39164,0.39885,0.40319,69.77244,NA,0,0,0,0,0.36011,0.36001,0.36211,0.36362,0.3987,0.40063,0.40454,0.40774,0.0019,0.00198,0.00213,0.00245,0.0102,0.01053,0.01066,0.01093,NA,0.337361593
5/17/2023,2023,137,24,goodwaterbau_2023_05_17_115305.jpg,114.51645,99.69733,62.44175,0.36037,0.41393,114.28476,4.51215,100.87368,2.82705,63.82893,3.4994,0.36163,0.00278,0.36125,0.36361,0.36487,0.40963,0.00883,0.41289,0.41519,0.41645,69.99669,NA,0,0,0,0,0.36397,0.36384,0.36615,0.36793,0.39625,0.39819,0.40185,0.40489,0.00198,0.00206,0.00222,0.00255,0.01062,0.01097,0.0111,0.01138,NA,0.354446234
5/18/2023,2023,138,25,goodwaterbau_2023_05_18_115305.jpg,128.65761,112.41997,71.54377,0.3596,0.41154,117.8356,5.36053,106.35867,4.47919,68.41902,6.39117,0.36362,0.00408,0.3639,0.36667,0.36873,0.40291,0.01032,0.40667,0.41022,0.41084,70.21518,NA,0,0,0,0,0.36719,0.36704,0.36961,0.37172,0.39433,0.39625,0.39967,0.40248,0.0019,0.00198,0.00213,0.00245,0.0102,0.01053,0.01066,0.01093,NA,0.372399943
5/19/2023,2023,139,25,goodwaterbau_2023_05_19_115305.jpg,96.07669,96.93206,62.92277,0.37874,0.3754,100.14756,3.69669,101.2497,2.54523,66.43185,3.04038,0.37809,0.00245,0.37874,0.37922,0.38116,0.37389,0.00689,0.37527,0.37792,0.38307,70.42783,NA,0,0,0,0,0.37012,0.36996,0.37283,0.37532,0.39279,0.39463,0.39779,0.40033,0.00183,0.0019,0.00206,0.00236,0.00982,0.01014,0.01026,0.01052,NA,0.391290342
5/20/2023,2023,140,25,goodwaterbau_2023_05_20_115306.jpg,111.77016,104.28916,65.37815,0.37056,0.39714,109.44188,5.20313,103.82656,3.80071,63.80357,5.10223,0.37497,0.00565,0.37457,0.37943,0.38307,0.39505,0.00496,0.39494,0.39699,0.39896,70.63504,NA,0,0,0,0,0.37301,0.37284,0.37602,0.37889,0.39121,0.39297,0.39592,0.39819,0.0019,0.00198,0.00213,0.00245,0.0102,0.01053,0.01066,0.01093,NA,0.411120251
5/21/2023,2023,141,15,goodwaterbau_2023_05_21_115305.jpg,121.22919,112.45007,70.19704,0.37005,0.39894,115.76705,6.53156,109.30681,5.00404,67.33545,4.43867,0.37398,0.00443,0.37472,0.37764,0.37949,0.39586,0.00326,0.39617,0.39866,0.39983,70.83529,NA,0,0,0,0,0.37609,0.37592,0.37941,0.38257,0.38921,0.39092,0.39377,0.39584,0.00198,0.00206,0.00222,0.00255,0.01062,0.01097,0.0111,0.01138,NA,0.432053994
5/22/2023,2023,142,12,goodwaterbau_2023_05_22_122305.jpg,122.82356,115.04064,74.25943,0.36857,0.39351,113.09397,9.83715,108.88603,7.43382,70.59939,6.93413,0.37261,0.00643,0.36953,0.37521,0.38241,0.38638,0.00402,0.38631,0.38758,0.39017,70.8316,NA,0,0,0,0,0.37932,0.37916,0.38299,0.38636,0.3867,0.38843,0.39132,0.3932,0.0019,0.00198,0.00213,0.00245,0.0102,0.01053,0.01066,0.01093,NA,0.454233584
5/23/2023,2023,143,25,goodwaterbau_2023_05_23_115306.jpg,118.15644,113.32154,71.59192,0.37391,0.38987,111.92308,7.12958,110.10441,4.90972,67.96797,5.50393,0.37996,0.00638,0.38002,0.38535,0.38837,0.38586,0.00874,0.38775,0.38987,0.39112,71.21896,NA,0,0,0,0,0.38255,0.38241,0.38662,0.39017,0.38392,0.38571,0.38875,0.39042,0.00183,0.0019,0.00206,0.00236,0.00982,0.01014,0.01026,0.01052,NA,0.477466298
5/24/2023,2023,144,25,goodwaterbau_2023_05_24_115306.jpg,98.11291,105.03847,64.3452,0.39267,0.36678,106.64342,9.29624,109.1689,5.50103,65.5118,5.17724,0.38829,0.00474,0.38877,0.39224,0.39373,0.3787,0.01621,0.38559,0.39306,0.39612,71.40125,NA,0,0,0,0,0.38588,0.38575,0.39031,0.39399,0.38094,0.38283,0.38606,0.38755,0.0019,0.00198,0.00213,0.00245,0.0102,0.01053,0.01066,0.01093,NA,0.501404791
5/25/2023,2023,145,25,goodwaterbau_2023_05_25_115305.jpg,104.51628,106.2203,61.37952,0.39035,0.38409,100.99709,4.9164,104.81403,3.39578,60.90162,4.17062,0.39314,0.00562,0.39408,0.39694,0.40007,0.37865,0.00979,0.38014,0.38355,0.38432,71.57674,NA,0,0,0,0,0.38937,0.38926,0.39409,0.39783,0.37783,0.37984,0.38325,0.38467,0.00198,0.00206,0.00222,0.00255,0.01062,0.01097,0.0111,0.01138,NA,0.525736779
5/26/2023,2023,146,26,goodwaterbau_2023_05_26_115305.jpg,108.72842,111.28731,68.03253,0.38635,0.37747,100.65346,7.17032,106.47069,4.76856,64.31172,6.22049,0.39251,0.0078,0.39244,0.39756,0.40303,0.37072,0.01514,0.37286,0.37696,0.37854,71.74638,NA,0,0,0,0,0.39329,0.39314,0.39819,0.40192,0.37408,0.3763,0.37986,0.38137,0.0019,0.00198,0.00213,0.00245,0.0102,0.01053,0.01066,0.01093,NA,0.550164948
5/27/2023,2023,147,26,goodwaterbau_2023_05_27_115306.jpg,100.55996,104.95508,60.68239,0.39428,0.37776,99.90752,5.64877,106.30798,4.6133,61.48301,4.32454,0.39729,0.00639,0.39694,0.4021,0.40604,0.37314,0.00728,0.37455,0.37624,0.37751,71.91014,NA,0,0,0,0,0.39757,0.39734,0.40261,0.40627,0.36967,0.37217,0.37589,0.37759,0.00183,0.0019,0.00206,0.00236,0.00982,0.01014,0.01026,0.01052,NA,0.574436298
5/28/2023,2023,148,26,goodwaterbau_2023_05_28_115305.jpg,100.58579,106.15414,61.86009,0.39521,0.37448,98.48695,5.47145,106.9181,4.06221,61.90823,4.25428,0.40016,0.00771,0.39941,0.40741,0.41058,0.36831,0.00811,0.36955,0.37272,0.37381,72.06636,NA,0,0,0,0,0.40183,0.40153,0.40696,0.41052,0.36541,0.36814,0.37201,0.37397,0.0019,0.00198,0.00213,0.00245,0.0102,0.01053,0.01066,0.01093,NA,0.598381223
5/29/2023,2023,149,26,goodwaterbau_2023_05_29_115305.jpg,100.58932,108.02197,61.36972,0.40011,0.37258,94.25509,4.92716,105.35178,3.25284,60.71036,4.10146,0.40479,0.00569,0.40536,0.40872,0.41156,0.36201,0.01239,0.36556,0.37055,0.37188,72.21657,NA,0,0,0,0,0.40567,0.40538,0.41087,0.41431,0.36213,0.36492,0.36893,0.37113,0.00198,0.00206,0.00222,0.00255,0.01062,0.01097,0.0111,0.01138,NA,0.621787514
5/30/2023,2023,150,26,goodwaterbau_2023_05_30_115306.jpg,87.65741,96.79291,53.13805,0.4074,0.36895,91.52223,3.77855,103.40166,3.37147,57.72047,4.65173,0.4094,0.00783,0.409,0.41661,0.41954,0.36231,0.00924,0.36245,0.36669,0.36839,72.36076,NA,0,0,0,0,0.40922,0.40903,0.41445,0.41769,0.3599,0.36258,0.36675,0.36924,0.0019,0.00198,0.00213,0.00245,0.0102,0.01053,0.01066,0.01093,NA,0.644445581
5/31/2023,2023,151,26,goodwaterbau_2023_05_31_115305.jpg,97.5497,107.97898,60.57971,0.40577,0.36658,87.56384,4.1511,102.28689,3.13058,56.90414,4.66942,0.41458,0.00412,0.41521,0.41678,0.41931,0.35492,0.01331,0.35847,0.36109,0.36564,72.49719,NA,0,0,0,0,0.4127,0.41268,0.4179,0.42087,0.35824,0.36071,0.36508,0.36794,0.00183,0.0019,0.00206,0.00236,0.00982,0.01014,0.01026,0.01052,NA,0.666329629
6/1/2023,2023,152,26,goodwaterbau_2023_06_01_115306.jpg,89.32792,99.71751,54.03064,0.41023,0.36749,85.60128,6.36433,102.13553,2.74966,58.04328,5.66664,0.41563,0.00644,0.41464,0.42045,0.42543,0.34814,0.02158,0.35544,0.36216,0.36569,72.62808,NA,0,0,0,0,0.4159,0.41609,0.42105,0.42373,0.35703,0.35925,0.36383,0.36707,0.0019,0.00198,0.00213,0.00245,0.0102,0.01053,0.01066,0.01093,NA,0.687475792
6/2/2023,2023,153,26,goodwaterbau_2023_06_02_115305.jpg,87.0975,98.67889,52.25871,0.41456,0.3659,84.8514,3.97686,100.45815,2.91844,54.75782,4.88647,0.41853,0.00647,0.41631,0.42506,0.42746,0.35352,0.01422,0.35532,0.36107,0.36711,72.75108,NA,0,0,0,0,0.41864,0.41901,0.42371,0.42613,0.35618,0.35815,0.36288,0.36647,0.00198,0.00206,0.00222,0.00255,0.01062,0.01097,0.0111,0.01138,NA,0.707911171
6/3/2023,2023,154,26,goodwaterbau_2023_06_03_115306.jpg,79.16912,92.07285,47.6515,0.42063,0.36168,83.16426,4.60247,97.35301,5.02289,51.38692,3.6156,0.41982,0.00663,0.42067,0.42544,0.4271,0.3586,0.00724,0.35735,0.35987,0.36255,72.86852,NA,0,0,0,0,0.42087,0.42143,0.42579,0.42796,0.35609,0.35771,0.36256,0.36644,0.0019,0.00198,0.00213,0.00245,0.0102,0.01053,0.01066,0.01093,NA,0.727726244
6/4/2023,2023,155,26,goodwaterbau_2023_06_04_115305.jpg,77.38396,92.43004,44.81106,0.43066,0.36055,81.84074,4.90683,98.71736,4.2468,51.66555,5.20428,0.42524,0.00534,0.4269,0.42875,0.43039,0.35252,0.01456,0.35591,0.35936,0.36239,72.97796,NA,0,0,0,0,0.42272,0.42352,0.4274,0.42931,0.35679,0.35794,0.36287,0.367,0.00183,0.0019,0.00206,0.00236,0.00982,0.01014,0.01026,0.01052,NA,0.746942006
6/5/2023,2023,156,26,goodwaterbau_2023_06_05_115305.jpg,74.91433,88.39025,39.92152,0.43494,0.36863,84.25273,5.30091,96.86072,4.45744,46.74708,4.15936,0.4254,0.00742,0.42856,0.42992,0.43156,0.36976,0.00945,0.36738,0.37629,0.37947,73.08117,NA,0,0,0,0,0.42423,0.42525,0.42869,0.43038,0.35762,0.3583,0.36327,0.3676,0.0019,0.00198,0.00213,0.00245,0.0102,0.01053,0.01066,0.01093,NA,0.765529687
6/6/2023,2023,157,26,goodwaterbau_2023_06_06_115305.jpg,83.5149,98.72839,50.15605,0.42482,0.35936,84.23598,4.66191,98.12078,3.24813,50.23702,3.20295,0.422,0.00786,0.42452,0.42821,0.42932,0.36202,0.00984,0.36066,0.36299,0.36697,73.17753,NA,0,0,0,0,0.42544,0.42661,0.42981,0.43135,0.35793,0.35825,0.3632,0.36769,0.00198,0.00206,0.00222,0.00255,0.01062,0.01097,0.0111,0.01138,NA,0.78343009
6/7/2023,2023,158,26,goodwaterbau_2023_06_07_115306.jpg,77.51581,92.27503,42.46066,0.43474,0.36521,80.78169,3.67518,97.53041,2.53247,49.46426,4.56176,0.42832,0.00513,0.42884,0.43218,0.43305,0.35475,0.01318,0.3561,0.36265,0.36804,73.26766,NA,0,0,0,0,0.42621,0.42739,0.43066,0.4322,0.35749,0.35761,0.36244,0.36702,0.0019,0.00198,0.00213,0.00245,0.0102,0.01053,0.01066,0.01093,NA,0.800622339
6/8/2023,2023,159,26,goodwaterbau_2023_06_08_115306.jpg,81.66338,97.51316,47.26642,0.43063,0.36064,84.27625,4.38644,100.67831,2.43929,51.64213,4.82092,0.42572,0.00619,0.42531,0.43029,0.43168,0.35623,0.01353,0.35614,0.36044,0.36936,73.35022,NA,0,0,0,0,0.42652,0.4276,0.43114,0.43277,0.35672,0.35675,0.36137,0.36598,0.00183,0.0019,0.00206,0.00236,0.00982,0.01014,0.01026,0.01052,NA,0.817117174
6/9/2023,2023,160,26,goodwaterbau_2023_06_09_115305.jpg,77.47925,93.01595,44.12673,0.43339,0.361,83.8408,4.42346,98.94516,3.6993,49.38904,3.65618,0.42635,0.00532,0.42733,0.42961,0.43196,0.36111,0.00884,0.3602,0.36326,0.3681,73.42517,NA,0,0,0,0,0.42658,0.42754,0.43138,0.43314,0.356,0.35596,0.36036,0.36503,0.0019,0.00198,0.00213,0.00245,0.0102,0.01053,0.01066,0.01093,NA,0.832863589
6/10/2023,2023,161,26,goodwaterbau_2023_06_10_115305.jpg,88.25718,104.73333,55.4695,0.42153,0.35522,86.17515,3.61016,102.76826,2.57569,53.85623,2.64659,0.42332,0.00403,0.42407,0.4255,0.42746,0.35486,0.00854,0.35656,0.36274,0.36441,73.49447,NA,0,0,0,0,0.42658,0.42746,0.43151,0.43338,0.35572,0.35554,0.35975,0.36461,0.00198,0.00206,0.00222,0.00255,0.01062,0.01097,0.0111,0.01138,NA,0.847757775
6/11/2023,2023,162,26,goodwaterbau_2023_06_11_115305.jpg,85.25306,104.8778,55.52411,0.42693,0.34704,80.35366,3.843,102.52608,2.15234,53.78873,4.34471,0.43344,0.00916,0.43429,0.43889,0.44188,0.33948,0.0108,0.34248,0.3465,0.34955,73.57267,NA,0,0,0,0,0.42635,0.42721,0.43135,0.43331,0.35615,0.35569,0.3597,0.3649,0.0019,0.00198,0.00213,0.00245,0.0102,0.01053,0.01066,0.01093,NA,0.861701068
6/12/2023,2023,163,26,goodwaterbau_2023_06_12_115306.jpg,83.21344,101.61059,49.45066,0.43372,0.3552,87.56133,6.16956,104.805,4.55123,52.39537,5.09244,0.4287,0.01001,0.43002,0.43606,0.4369,0.35759,0.00555,0.3552,0.35809,0.36402,73.64427,NA,0,0,0,0,0.42575,0.42662,0.43083,0.43289,0.35702,0.35619,0.35997,0.36557,0.00183,0.0019,0.00206,0.00236,0.00982,0.01014,0.01026,0.01052,NA,0.8746367
6/13/2023,2023,164,26,goodwaterbau_2023_06_13_115306.jpg,91.41337,108.21846,57.6135,0.42068,0.35535,91.5519,5.26038,107.11217,3.70917,56.44872,5.19704,0.42025,0.009,0.42042,0.42788,0.43119,0.35883,0.00834,0.35582,0.35976,0.36662,73.70924,NA,0,0,0,0,0.42511,0.42603,0.43026,0.43242,0.35787,0.35669,0.36028,0.36627,0.0019,0.00198,0.00213,0.00245,0.0102,0.01053,0.01066,0.01093,NA,0.886509624
6/14/2023,2023,165,26,goodwaterbau_2023_06_14_115306.jpg,82.06298,98.57324,47.59019,0.43191,0.35957,93.22989,5.36465,108.99105,3.86036,56.64309,4.20757,0.42128,0.00704,0.42299,0.42694,0.42889,0.36005,0.00848,0.35915,0.36127,0.36659,73.76752,NA,0,0,0,0,0.42474,0.42578,0.42995,0.43218,0.35824,0.35685,0.36037,0.36666,0.00198,0.00206,0.00222,0.00255,0.01062,0.01097,0.0111,0.01138,NA,0.897261113
6/15/2023,2023,166,26,goodwaterbau_2023_06_15_115305.jpg,86.51608,102.69227,49.68619,0.42986,0.36215,92.83069,4.83635,107.44073,3.33612,53.01685,2.23492,0.42433,0.00597,0.4249,0.42907,0.43039,0.36635,0.00742,0.36398,0.36795,0.37623,73.81906,NA,0,0,0,0,0.42459,0.42588,0.42975,0.43198,0.35817,0.35675,0.36034,0.3669,0.0019,0.00198,0.00213,0.00245,0.0102,0.01053,0.01066,0.01093,NA,0.906793577
6/16/2023,2023,167,26,goodwaterbau_2023_06_16_115305.jpg,86.52309,102.79854,49.11796,0.43113,0.36287,89.65644,5.72947,105.00496,4.09854,50.60729,3.35438,0.42842,0.0068,0.43032,0.43268,0.43607,0.36536,0.0067,0.36276,0.36521,0.37118,73.86382,NA,0,0,0,0,0.42447,0.42611,0.42946,0.43163,0.35796,0.35664,0.36038,0.36723,0.00183,0.0019,0.00206,0.00236,0.00982,0.01014,0.01026,0.01052,NA,0.915026028
6/17/2023,2023,168,26,goodwaterbau_2023_06_17_115305.jpg,84.1502,100.89937,49.87695,0.42949,0.3582,89.53354,5.71327,105.08778,3.64939,52.92229,3.21801,0.42467,0.00548,0.42624,0.42889,0.42946,0.3615,0.01296,0.3588,0.36396,0.37689,73.90176,NA,0,0,0,0,0.4245,0.42646,0.42935,0.43148,0.35759,0.35641,0.36033,0.36745,0.0019,0.00198,0.00213,0.00245,0.0102,0.01053,0.01066,0.01093,NA,0.92195296
6/18/2023,2023,169,26,goodwaterbau_2023_06_18_115306.jpg,80.21149,99.98333,61.8066,0.41315,0.33145,86.87567,3.51966,106.25451,2.58929,58.76639,3.21314,0.42188,0.00607,0.42161,0.42367,0.42729,0.34485,0.0094,0.34631,0.35011,0.35737,73.93284,NA,0,0,0,0,0.42483,0.42691,0.42969,0.43187,0.357,0.35591,0.36002,0.36738,0.00198,0.00206,0.00222,0.00255,0.01062,0.01097,0.0111,0.01138,NA,0.927640301
6/19/2023,2023,170,26,goodwaterbau_2023_06_19_115306.jpg,83.58806,101.98563,51.88968,0.42948,0.352,86.90498,4.89342,104.39937,3.17429,55.98007,6.50502,0.42263,0.01443,0.42736,0.42976,0.43215,0.35143,0.01239,0.3522,0.35881,0.3604,73.95702,NA,0,0,0,0,0.42556,0.42753,0.43073,0.43308,0.3558,0.35478,0.35915,0.36668,0.0019,0.00198,0.00213,0.00245,0.0102,0.01053,0.01066,0.01093,NA,0.93213744
6/20/2023,2023,171,26,goodwaterbau_2023_06_20_115305.jpg,82.25206,101.19908,51.18811,0.4313,0.35055,85.69217,7.10904,103.20398,4.74668,52.5162,4.81708,0.42806,0.00969,0.43116,0.43357,0.43637,0.35464,0.00847,0.35172,0.35575,0.35994,73.97428,NA,0,0,0,0,0.4266,0.42833,0.43233,0.43489,0.35403,0.3531,0.35783,0.36548,0.00183,0.0019,0.00206,0.00236,0.00982,0.01014,0.01026,0.01052,NA,0.935448672
6/21/2023,2023,172,26,goodwaterbau_2023_06_21_115306.jpg,80.5661,98.71455,51.63815,0.42749,0.34889,84.94298,7.7096,103.69193,5.29117,53.23958,6.13008,0.42912,0.00911,0.431,0.43589,0.4376,0.35091,0.01664,0.35163,0.35597,0.36537,73.98459,NA,0,0,0,0,0.42778,0.42924,0.43408,0.4369,0.35228,0.35142,0.35649,0.36425,0.0019,0.00198,0.00213,0.00245,0.0102,0.01053,0.01066,0.01093,NA,0.937604051
6/22/2023,2023,173,26,goodwaterbau_2023_06_22_115305.jpg,80.63582,96.75894,46.24057,0.43266,0.36057,84.35276,6.99606,102.28946,3.88779,51.00128,4.20594,0.43078,0.00887,0.43312,0.43738,0.43927,0.3546,0.01598,0.35503,0.36065,0.37387,73.98791,NA,0,0,0,0,0.42893,0.43019,0.4356,0.43874,0.35115,0.35031,0.35559,0.36344,0.00198,0.00206,0.00222,0.00255,0.01062,0.01097,0.0111,0.01138,NA,0.938670093
6/23/2023,2023,174,26,goodwaterbau_2023_06_23_115305.jpg,76.6135,95.13916,48.69582,0.43157,0.34753,82.04846,6.78032,99.81301,5.35645,49.23846,4.31021,0.4323,0.0083,0.43272,0.43759,0.44165,0.35479,0.01089,0.35269,0.35473,0.36107,73.98425,NA,0,0,0,0,0.43021,0.43129,0.437,0.44062,0.35078,0.3498,0.35514,0.36314,0.0019,0.00198,0.00213,0.00245,0.0102,0.01053,0.01066,0.01093,NA,0.938702645
6/24/2023,2023,175,26,goodwaterbau_2023_06_24_115305.jpg,72.32634,89.56088,45.19091,0.4325,0.34927,82.60549,7.30625,100.799,5.88595,53.12857,5.5042,0.42657,0.00954,0.42441,0.43419,0.44034,0.34898,0.01229,0.34838,0.35489,0.35977,73.97359,NA,0,0,0,0,0.43175,0.43257,0.4385,0.44276,0.35074,0.34954,0.35484,0.36306,0.00183,0.0019,0.00206,0.00236,0.00982,0.01014,0.01026,0.01052,NA,0.937749909
6/25/2023,2023,176,26,goodwaterbau_2023_06_25_115305.jpg,71.40721,90.26299,47.04657,0.43247,0.34212,79.015,9.08703,97.28179,7.16861,49.98394,4.86602,0.43057,0.01067,0.42903,0.44071,0.44322,0.34849,0.00988,0.3439,0.35043,0.36273,73.95589,NA,0,0,0,0,0.43322,0.43383,0.43989,0.44477,0.35087,0.34947,0.35469,0.3631,0.0019,0.00198,0.00213,0.00245,0.0102,0.01053,0.01066,0.01093,NA,0.935892798
6/26/2023,2023,177,26,goodwaterbau_2023_06_26_115305.jpg,67.92997,86.15406,39.72345,0.44453,0.3505,78.39536,10.64959,97.74158,7.65981,47.99634,6.91961,0.4373,0.01296,0.43924,0.44436,0.45082,0.34895,0.01635,0.34965,0.35834,0.36553,73.93174,NA,0,0,0,0,0.43434,0.4349,0.44094,0.44627,0.35098,0.34951,0.35468,0.36314,0.00198,0.00206,0.00222,0.00255,0.01062,0.01097,0.0111,0.01138,NA,0.933302666
6/27/2023,2023,178,26,goodwaterbau_2023_06_27_115305.jpg,66.52223,85.71618,40.48511,0.44476,0.34517,77.73965,8.3812,95.95741,6.71241,44.37651,4.70781,0.44077,0.0102,0.44387,0.44669,0.45176,0.35597,0.00877,0.35379,0.35762,0.36693,73.89948,NA,0,0,0,0,0.43531,0.43613,0.44186,0.44746,0.35075,0.34937,0.35448,0.3628,0.0019,0.00198,0.00213,0.00245,0.0102,0.01053,0.01066,0.01093,NA,0.930068952
6/28/2023,2023,179,26,goodwaterbau_2023_06_28_115305.jpg,73.75381,91.57228,47.87072,0.42952,0.34594,77.58115,6.27435,95.38183,5.10396,49.19687,4.0008,0.42972,0.00809,0.43025,0.43377,0.43949,0.34894,0.00644,0.34648,0.35087,0.35932,73.86127,NA,0,0,0,0,0.43633,0.43764,0.44278,0.4486,0.35032,0.34915,0.35411,0.36215,0.00183,0.0019,0.00206,0.00236,0.00982,0.01014,0.01026,0.01052,NA,0.926265626
6/29/2023,2023,180,26,goodwaterbau_2023_06_29_115305.jpg,80.51507,98.98193,47.63352,0.43579,0.35449,79.18568,6.70661,97.42595,5.35447,46.62462,6.86838,0.43732,0.01676,0.43965,0.44356,0.4508,0.35469,0.01219,0.35503,0.35819,0.36062,73.81554,NA,0,0,0,0,0.43706,0.43889,0.44341,0.44935,0.35027,0.34935,0.35415,0.36184,0.0019,0.00198,0.00213,0.00245,0.0102,0.01053,0.01066,0.01093,NA,0.922032372
6/30/2023,2023,181,26,goodwaterbau_2023_06_30_115305.jpg,66.04619,86.36561,36.81469,0.45641,0.34903,74.82013,6.42095,94.12747,5.33457,44.41377,6.03336,0.44175,0.00892,0.44014,0.44487,0.45415,0.35061,0.01347,0.35064,0.35429,0.36277,73.76283,NA,0,0,0,0,0.43719,0.43933,0.44345,0.44936,0.35118,0.35049,0.35515,0.36249,0.00198,0.00206,0.00222,0.00255,0.01062,0.01097,0.0111,0.01138,NA,0.917441914
7/1/2023,2023,182,26,goodwaterbau_2023_07_01_115305.jpg,79.30284,98.13627,49.41116,0.4326,0.34958,78.76638,7.23831,97.16165,3.36744,48.97426,4.90689,0.43276,0.01517,0.43905,0.4407,0.44242,0.34979,0.01461,0.34884,0.35164,0.36348,73.70269,NA,0,0,0,0,0.43666,0.4389,0.44286,0.44848,0.35321,0.35272,0.35734,0.36424,0.0019,0.00198,0.00213,0.00245,0.0102,0.01053,0.01066,0.01093,NA,0.912514109
7/2/2023,2023,183,26,goodwaterbau_2023_07_02_115305.jpg,73.70201,92.24606,43.27062,0.44091,0.35227,76.97191,6.23553,96.1862,4.31959,47.77704,6.49426,0.43601,0.01097,0.43718,0.4431,0.44888,0.34836,0.01439,0.3489,0.36031,0.36521,73.63611,NA,0,0,0,0,0.43566,0.43789,0.4418,0.44692,0.35596,0.35568,0.36035,0.3667,0.00183,0.0019,0.00206,0.00236,0.00982,0.01014,0.01026,0.01052,NA,0.90720951
7/3/2023,2023,184,26,goodwaterbau_2023_07_03_115306.jpg,68.54129,83.56546,35.15807,0.44624,0.36601,79.3089,8.71317,95.41432,7.04457,44.71197,6.61321,0.43581,0.01185,0.4394,0.44356,0.4475,0.36121,0.01085,0.36215,0.36498,0.3696,73.56264,NA,0,0,0,0,0.43416,0.4363,0.44028,0.44484,0.35917,0.35911,0.36387,0.36966,0.0019,0.00198,0.00213,0.00245,0.0102,0.01053,0.01066,0.01093,NA,0.901480163
7/4/2023,2023,185,26,goodwaterbau_2023_07_04_115305.jpg,69.69752,85.03113,38.21683,0.4407,0.36123,77.88463,9.40064,93.08121,7.28679,43.95848,6.20358,0.43408,0.01174,0.43571,0.44149,0.44714,0.36189,0.01197,0.35818,0.36077,0.36584,73.4823,NA,0,0,0,0,0.43218,0.43412,0.43831,0.44241,0.36258,0.36275,0.36759,0.37289,0.00198,0.00206,0.00222,0.00255,0.01062,0.01097,0.0111,0.01138,NA,0.895382977
7/5/2023,2023,186,26,goodwaterbau_2023_07_05_115305.jpg,77.70485,93.42927,45.5482,0.43118,0.35861,79.51,5.66217,94.54258,6.07488,45.4132,6.8063,0.43113,0.00843,0.43189,0.43699,0.44134,0.36266,0.01415,0.36584,0.37014,0.37797,73.39512,NA,0,0,0,0,0.42907,0.43057,0.43526,0.439,0.36676,0.36725,0.37214,0.37692,0.0019,0.00198,0.00213,0.00245,0.0102,0.01053,0.01066,0.01093,NA,0.8889482
7/6/2023,2023,187,26,goodwaterbau_2023_07_06_115305.jpg,83.62246,93.89124,43.39982,0.42501,0.37853,83.44307,6.34449,94.33669,5.32837,43.3018,5.0705,0.42709,0.00697,0.42875,0.43257,0.43355,0.37745,0.01075,0.37843,0.38123,0.38243,73.30114,NA,0,0,0,0,0.42492,0.42575,0.43118,0.43459,0.37185,0.37273,0.37765,0.38182,0.00183,0.0019,0.00206,0.00236,0.00982,0.01014,0.01026,0.01052,NA,0.882071095
7/7/2023,2023,188,26,goodwaterbau_2023_07_07_115305.jpg,83.3267,90.79365,40.87735,0.4223,0.38757,87.68267,6.55444,96.43408,4.73827,44.93787,5.08381,0.42151,0.00848,0.42251,0.42606,0.42965,0.38274,0.00991,0.3831,0.38742,0.39011,73.20038,NA,0,0,0,0,0.42081,0.42097,0.4271,0.43022,0.3769,0.37818,0.38308,0.38672,0.0019,0.00198,0.00213,0.00245,0.0102,0.01053,0.01066,0.01093,NA,0.874714702
7/8/2023,2023,189,26,goodwaterbau_2023_07_08_115306.jpg,87.08173,92.49758,40.923,0.41949,0.39492,86.71417,4.59349,96.77225,2.82349,46.87765,3.98999,0.42021,0.00615,0.41921,0.42281,0.42577,0.37643,0.01454,0.37591,0.38771,0.39351,73.09287,NA,0,0,0,0,0.41781,0.41754,0.42403,0.42695,0.38093,0.38257,0.38736,0.39073,0.00198,0.00206,0.00222,0.00255,0.01062,0.01097,0.0111,0.01138,NA,0.866936891
7/9/2023,2023,190,26,goodwaterbau_2023_07_09_115306.jpg,78.19703,81.83365,37.09565,0.41513,0.39668,87.52761,7.39333,93.52408,6.41022,46.75282,6.94321,0.41095,0.00837,0.41101,0.41824,0.42041,0.3845,0.01801,0.38861,0.39387,0.39612,72.97867,NA,0,0,0,0,0.41601,0.41556,0.42209,0.42493,0.38405,0.38597,0.39059,0.39408,0.0019,0.00198,0.00213,0.00245,0.0102,0.01053,0.01066,0.01093,NA,0.858877565
7/10/2023,2023,191,26,goodwaterbau_2023_07_10_115305.jpg,81.28645,84.55855,40.7404,0.40932,0.39348,90.2399,7.84492,93.89449,7.32463,47.38105,6.90675,0.40604,0.0086,0.4043,0.41488,0.41654,0.38997,0.00811,0.39142,0.39493,0.39686,72.8578,NA,0,0,0,0,0.41471,0.4142,0.42065,0.4235,0.38685,0.38903,0.39342,0.39731,0.00183,0.0019,0.00206,0.00236,0.00982,0.01014,0.01026,0.01052,NA,0.850687902
7/11/2023,2023,192,25,goodwaterbau_2023_07_11_115305.jpg,77.69953,88.05614,46.53001,0.4148,0.36601,92.27806,6.77446,95.56941,5.62854,47.17743,5.14561,0.40704,0.00841,0.40387,0.4155,0.41821,0.3926,0.00693,0.3938,0.39613,0.39939,72.73032,NA,0,0,0,0,0.41379,0.4133,0.41955,0.42242,0.38916,0.39151,0.39571,0.40007,0.0019,0.00198,0.00213,0.00245,0.0102,0.01053,0.01066,0.01093,NA,0.842478571
7/12/2023,2023,193,25,goodwaterbau_2023_07_12_115305.jpg,89.24854,95.70668,48.24037,0.41041,0.38272,87.96959,7.90125,93.92372,6.37407,45.17971,5.66923,0.41392,0.00951,0.41376,0.42051,0.42646,0.38731,0.01747,0.39275,0.39654,0.40399,72.59628,NA,0,0,0,0,0.41313,0.41271,0.41865,0.4215,0.39077,0.3932,0.39732,0.40197,0.00198,0.00206,0.00222,0.00255,0.01062,0.01097,0.0111,0.01138,NA,0.834365963
7/13/2023,2023,194,25,goodwaterbau_2023_07_13_115305.jpg,92.40295,95.89227,39.89819,0.42022,0.40493,90.07747,5.64345,97.6783,5.59164,45.65691,7.01052,0.41888,0.00671,0.42022,0.42153,0.42476,0.38633,0.01258,0.39014,0.39202,0.39717,72.45612,NA,0,0,0,0,0.41347,0.4133,0.41856,0.42135,0.39138,0.3936,0.39776,0.40263,0.00191,0.00199,0.00214,0.00246,0.01024,0.01057,0.0107,0.01097,NA,0.826452591
7/14/2023,2023,195,25,goodwaterbau_2023_07_14_115305.jpg,79.7674,92.12418,46.08189,0.42264,0.36595,89.45447,5.77108,97.05495,4.69158,44.79958,3.9276,0.4197,0.00532,0.41992,0.42264,0.42462,0.38673,0.01393,0.39186,0.39394,0.39661,72.30875,NA,0,0,0,0,0.41465,0.41488,0.41916,0.4219,0.39122,0.39307,0.39729,0.40244,0.00191,0.00199,0.00214,0.00246,0.01024,0.01057,0.0107,0.01097,NA,0.818887603
7/15/2023,2023,196,25,goodwaterbau_2023_07_15_115305.jpg,96.17558,100.95924,44.27799,0.4182,0.39839,94.86174,4.4009,99.4252,4.47548,43.64935,3.17393,0.41797,0.00542,0.41992,0.4214,0.42307,0.39877,0.00628,0.39839,0.40032,0.40886,72.15574,NA,0,0,0,0,0.41523,0.41576,0.41923,0.42188,0.3909,0.3926,0.39691,0.40218,0.00198,0.00206,0.00222,0.00255,0.01062,0.01097,0.0111,0.01138,NA,0.811796696
7/16/2023,2023,197,25,goodwaterbau_2023_07_16_115305.jpg,91.18209,97.34608,43.28946,0.41993,0.39334,96.42017,4.96878,100.57639,4.45064,46.37447,5.55,0.41353,0.00603,0.41415,0.41838,0.42063,0.39644,0.01215,0.39334,0.40593,0.41367,71.99604,NA,0,0,0,0,0.41514,0.41596,0.4186,0.42098,0.38985,0.39165,0.39638,0.40142,0.00193,0.00201,0.00217,0.0025,0.01038,0.01072,0.01085,0.01112,NA,0.805199545
7/17/2023,2023,198,13,goodwaterbau_2023_07_17_115305.jpg,94.48928,99.51703,45.33874,0.41579,0.39478,95.61014,4.20158,100.33584,2.04936,46.10001,2.07604,0.41463,0.00449,0.41579,0.41654,0.41872,0.3949,0.00922,0.39478,0.40021,0.40261,71.82973,NA,0,0,0,0,0.41487,0.41593,0.41782,0.41994,0.38861,0.39055,0.39574,0.4005,0.00198,0.00206,0.00222,0.00255,0.01062,0.01097,0.0111,0.01138,NA,0.799012321
7/18/2023,2023,199,19,goodwaterbau_2023_07_18_115306.jpg,90.32643,100.93839,48.96388,0.42018,0.376,92.93048,4.65549,101.63561,2.96337,51.2395,4.70287,0.41359,0.00422,0.41313,0.41637,0.41923,0.37811,0.01431,0.38106,0.38756,0.39064,71.65758,NA,0,0,0,0,0.41395,0.41504,0.41665,0.41865,0.38764,0.38996,0.3952,0.39979,0.0019,0.00198,0.00213,0.00245,0.0102,0.01053,0.01066,0.01093,NA,0.793172075
7/19/2023,2023,200,25,goodwaterbau_2023_07_19_115305.jpg,91.53988,97.0947,47.39159,0.41137,0.38784,94.44067,5.68397,100.55437,3.80147,50.4784,4.84137,0.40987,0.00744,0.41175,0.41367,0.41502,0.38468,0.0126,0.38796,0.38996,0.39388,71.47932,NA,0,0,0,0,0.41253,0.41355,0.41511,0.417,0.38623,0.38914,0.39433,0.39866,0.00183,0.0019,0.00206,0.00236,0.00982,0.01014,0.01026,0.01052,NA,0.787662966
7/20/2023,2023,201,25,goodwaterbau_2023_07_20_115305.jpg,86.16009,92.419,43.70155,0.41578,0.38762,92.43424,5.60002,99.80239,5.02942,50.21895,5.28758,0.41181,0.00424,0.41214,0.41451,0.41697,0.38141,0.01258,0.38578,0.38923,0.39364,71.29501,NA,0,0,0,0,0.41095,0.41184,0.41348,0.41532,0.38491,0.38843,0.3935,0.39755,0.0019,0.00198,0.00213,0.00245,0.0102,0.01053,0.01066,0.01093,NA,0.782407024
7/21/2023,2023,202,25,goodwaterbau_2023_07_21_115305.jpg,96.7986,101.55995,50.61914,0.40791,0.38878,95.8902,6.26089,103.6178,3.81018,54.3442,7.82375,0.40831,0.00375,0.40942,0.41072,0.41174,0.37802,0.02285,0.38573,0.39237,0.39594,71.10505,NA,0,0,0,0,0.40952,0.41029,0.41204,0.41392,0.38419,0.38817,0.39309,0.39691,0.00198,0.00206,0.00222,0.00255,0.01062,0.01097,0.0111,0.01138,NA,0.777273068
7/22/2023,2023,203,25,goodwaterbau_2023_07_22_115305.jpg,102.44607,104.99285,51.66059,0.40522,0.39539,99.7632,5.17082,103.51866,3.74114,50.49446,4.47192,0.40803,0.00412,0.40936,0.41001,0.41194,0.39316,0.01285,0.39627,0.40251,0.40426,70.90885,NA,0,0,0,0,0.40813,0.40874,0.41067,0.41276,0.38451,0.3888,0.39348,0.39711,0.0019,0.00198,0.00213,0.00245,0.0102,0.01053,0.01066,0.01093,NA,0.772091023
7/23/2023,2023,204,25,goodwaterbau_2023_07_23_115306.jpg,88.43103,91.45786,42.62925,0.41101,0.39741,95.02434,5.56459,100.28398,4.6332,50.43282,5.47228,0.40818,0.00322,0.40925,0.41007,0.41097,0.38685,0.01549,0.39359,0.39646,0.4003,70.70683,NA,0,0,0,0,0.40658,0.40697,0.40921,0.41165,0.3856,0.39013,0.39449,0.39794,0.00183,0.0019,0.00206,0.00236,0.00982,0.01014,0.01026,0.01052,NA,0.766735978
7/24/2023,2023,205,25,goodwaterbau_2023_07_24_115305.jpg,85.9534,89.8054,42.65664,0.41117,0.39353,94.51287,5.25358,100.13693,5.27584,52.90758,7.20201,0.40474,0.006,0.40398,0.40766,0.41233,0.38222,0.01504,0.38427,0.38942,0.39688,70.49874,NA,0,0,0,0,0.4051,0.40528,0.40785,0.41069,0.3869,0.39157,0.39563,0.39895,0.0019,0.00198,0.00213,0.00245,0.0102,0.01053,0.01066,0.01093,NA,0.761139571
7/25/2023,2023,206,25,goodwaterbau_2023_07_25_115305.jpg,98.83342,100.76704,48.60191,0.40599,0.3982,94.92226,5.63883,100.02179,4.05002,49.67459,3.26116,0.40899,0.00404,0.40932,0.41091,0.41448,0.38796,0.01153,0.39141,0.39312,0.39787,70.28562,NA,0,0,0,0,0.40392,0.40394,0.40678,0.40995,0.38788,0.39251,0.39642,0.39971,0.00198,0.00206,0.00222,0.00255,0.01062,0.01097,0.0111,0.01138,NA,0.755290348
7/26/2023,2023,207,25,goodwaterbau_2023_07_26_115306.jpg,91.89581,94.23478,46.95868,0.40429,0.39425,94.57705,5.3723,98.77171,5.31031,52.8206,5.37439,0.40135,0.0053,0.40002,0.40621,0.40845,0.38442,0.01215,0.38861,0.39393,0.39452,70.06658,NA,0,0,0,0,0.40302,0.40295,0.40605,0.40958,0.38863,0.393,0.39684,0.4002,0.0019,0.00198,0.00213,0.00245,0.0102,0.01053,0.01066,0.01093,NA,0.749142368
7/27/2023,2023,208,25,goodwaterbau_2023_07_27_115305.jpg,90.79203,91.79138,45.23148,0.40292,0.39853,96.29956,6.35801,98.88476,5.53684,51.55535,5.32312,0.40082,0.00332,0.40181,0.4029,0.40463,0.39042,0.01497,0.39496,0.39812,0.39922,69.84174,NA,0,0,0,0,0.40227,0.40212,0.40554,0.40949,0.38941,0.39333,0.39713,0.40061,0.00183,0.0019,0.00206,0.00236,0.00982,0.01014,0.01026,0.01052,NA,0.742611902
7/28/2023,2023,209,25,goodwaterbau_2023_07_28_115305.jpg,100.8215,100.23897,52.8959,0.39471,0.397,100.24628,5.90044,100.29942,5.93014,53.47708,6.19001,0.395,0.00612,0.39379,0.40142,0.40294,0.39493,0.01134,0.39788,0.40042,0.40226,69.61209,NA,0,0,0,0,0.40171,0.40149,0.40521,0.40952,0.38986,0.39332,0.39713,0.40079,0.0019,0.00198,0.00213,0.00245,0.0102,0.01053,0.01066,0.01093,NA,0.735675563
7/29/2023,2023,210,25,goodwaterbau_2023_07_29_115305.jpg,93.68717,92.6848,45.3815,0.39993,0.40425,97.27553,8.19616,100.72476,4.74341,52.04995,7.89066,0.40316,0.0104,0.40175,0.40403,0.41988,0.38915,0.0257,0.39723,0.40434,0.41076,69.37648,NA,0,0,0,0,0.40139,0.40114,0.40503,0.40948,0.38965,0.39275,0.39668,0.40059,0.00198,0.00206,0.00222,0.00255,0.01062,0.01097,0.0111,0.01138,NA,0.728371483
7/30/2023,2023,211,25,goodwaterbau_2023_07_30_115305.jpg,87.41903,88.28474,42.07085,0.40539,0.40142,97.6235,7.47798,98.82685,6.77344,50.46555,6.88464,0.40047,0.0049,0.40191,0.40436,0.40558,0.39565,0.01457,0.39778,0.39913,0.40285,69.13592,NA,0,0,0,0,0.40157,0.40133,0.40518,0.40947,0.38832,0.3911,0.39535,0.39965,0.0019,0.00198,0.00213,0.00245,0.0102,0.01053,0.01066,0.01093,NA,0.720745864
7/31/2023,2023,212,24,goodwaterbau_2023_07_31_115306.jpg,96.49881,101.72734,53.49171,0.40413,0.38336,98.88263,3.28763,102.89969,1.18021,52.14824,2.67833,0.40529,0.00429,0.40576,0.40838,0.41023,0.38938,0.00952,0.38743,0.39169,0.39545,68.89019,NA,0,0,0,0,0.40218,0.40201,0.40567,0.4096,0.38615,0.38856,0.3933,0.39814,0.00183,0.0019,0.00206,0.00236,0.00982,0.01014,0.01026,0.01052,NA,0.712805782
8/1/2023,2023,213,24,goodwaterbau_2023_08_01_115305.jpg,98.50752,102.26055,56.5805,0.39736,0.38278,99.69187,4.68393,102.97358,2.75715,55.64527,4.81678,0.39885,0.00761,0.39989,0.40227,0.40414,0.38597,0.01141,0.38578,0.3922,0.40075,68.63936,NA,0,0,0,0,0.40285,0.40275,0.40618,0.40969,0.38396,0.38602,0.39132,0.39671,0.0019,0.00198,0.00213,0.00245,0.0102,0.01053,0.01066,0.01093,NA,0.704560744
8/2/2023,2023,214,24,goodwaterbau_2023_08_02_115306.jpg,98.72001,101.94997,53.02224,0.40186,0.38913,96.47802,7.16762,104.24457,2.76335,55.21993,7.08088,0.40758,0.01387,0.40541,0.41345,0.42024,0.37668,0.02109,0.38314,0.38949,0.39289,68.38352,NA,0,0,0,0,0.40317,0.40312,0.40638,0.40956,0.38254,0.38439,0.39018,0.396,0.00198,0.00206,0.00222,0.00255,0.01062,0.01097,0.0111,0.01138,NA,0.696030341
8/3/2023,2023,215,24,goodwaterbau_2023_08_03_115306.jpg,96.11489,101.84793,48.61603,0.41304,0.38979,96.15676,3.14496,104.11181,2.30485,56.3751,3.22884,0.4057,0.003,0.40502,0.40799,0.40925,0.37469,0.00919,0.37507,0.38001,0.38969,68.12302,NA,0,0,0,0,0.40303,0.40298,0.40613,0.409,0.38197,0.38376,0.39011,0.3962,0.0019,0.00198,0.00213,0.00245,0.0102,0.01053,0.01066,0.01093,NA,0.687267383
8/4/2023,2023,216,24,goodwaterbau_2023_08_04_115305.jpg,99.6715,105.14187,56.29815,0.40267,0.38172,97.08664,5.30221,104.77508,2.5511,57.36817,4.29871,0.40425,0.00366,0.40476,0.40678,0.40768,0.37442,0.01469,0.37649,0.38349,0.38867,67.85706,NA,0,0,0,0,0.40266,0.40259,0.40563,0.40811,0.38173,0.3836,0.3906,0.3969,0.00183,0.0019,0.00206,0.00236,0.00982,0.01014,0.01026,0.01052,NA,0.678329092
8/5/2023,2023,217,24,goodwaterbau_2023_08_05_115305.jpg,99.52319,106.86058,58.98623,0.40269,0.37504,103.24296,7.20749,107.4577,5.52334,56.94422,4.87511,0.40163,0.00329,0.40208,0.40359,0.40479,0.38563,0.01137,0.38594,0.39151,0.39731,67.58659,NA,0,0,0,0,0.40218,0.40208,0.40504,0.40717,0.38185,0.38385,0.39138,0.39782,0.0019,0.00198,0.00213,0.00245,0.0102,0.01053,0.01066,0.01093,NA,0.669237907
8/6/2023,2023,218,24,goodwaterbau_2023_08_06_115305.jpg,97.389,100.61383,53.66988,0.39978,0.38697,100.07362,5.27422,104.52955,3.02627,58.17244,4.328,0.39785,0.00531,0.39768,0.40091,0.40383,0.3808,0.01519,0.38533,0.39307,0.39683,67.31138,NA,0,0,0,0,0.40172,0.40163,0.40452,0.40647,0.38231,0.38441,0.39214,0.39866,0.00198,0.00206,0.00222,0.00255,0.01062,0.01097,0.0111,0.01138,NA,0.65997142
8/7/2023,2023,219,24,goodwaterbau_2023_08_07_115305.jpg,101.06861,98.76407,46.96635,0.40018,0.40952,96.11181,5.19609,100.42431,4.38829,53.05844,6.00039,0.40244,0.00319,0.40264,0.4038,0.40684,0.38539,0.0178,0.38446,0.40037,0.40949,67.03154,NA,0,0,0,0,0.40136,0.40132,0.40418,0.40618,0.38333,0.3855,0.39298,0.3995,0.0019,0.00198,0.00213,0.00245,0.0102,0.01053,0.01066,0.01093,NA,0.65057075
8/8/2023,2023,220,24,goodwaterbau_2023_08_08_115305.jpg,98.39438,97.2262,48.05776,0.39899,0.40379,99.26187,7.90732,100.86607,5.71165,52.64824,5.55014,0.39927,0.00461,0.39947,0.4028,0.4042,0.39257,0.0155,0.39968,0.40361,0.40595,66.74712,NA,0,0,0,0,0.40104,0.40107,0.40392,0.40614,0.38484,0.38713,0.39408,0.40049,0.00183,0.0019,0.00206,0.00236,0.00982,0.01014,0.01026,0.01052,NA,0.641115617
8/9/2023,2023,221,24,goodwaterbau_2023_08_09_115305.jpg,97.12076,103.74501,54.9709,0.40551,0.37962,95.76155,7.97059,102.8308,4.02238,56.05127,4.38742,0.40403,0.00628,0.40338,0.40785,0.41216,0.37563,0.01818,0.37674,0.38598,0.39694,66.45821,NA,0,0,0,0,0.40069,0.4008,0.40365,0.40613,0.38645,0.38889,0.39523,0.40151,0.0019,0.00198,0.00213,0.00245,0.0102,0.01053,0.01066,0.01093,NA,0.631621702
8/10/2023,2023,222,24,goodwaterbau_2023_08_10_115305.jpg,106.65297,105.49243,53.9711,0.39641,0.40078,107.25336,5.49432,106.20126,3.93755,54.42027,3.07651,0.39651,0.00372,0.39646,0.40007,0.40087,0.40031,0.01021,0.40032,0.40364,0.41132,66.16522,NA,0,0,0,0,0.40022,0.4004,0.4033,0.40592,0.38777,0.39037,0.39625,0.40242,0.00198,0.00206,0.00222,0.00255,0.01062,0.01097,0.0111,0.01138,NA,0.622071447
8/11/2023,2023,223,24,goodwaterbau_2023_08_11_115305.jpg,101.57975,102.222,52.55309,0.39875,0.39625,106.1975,5.95391,107.25103,4.68898,56.39563,4.34194,0.39753,0.00305,0.39809,0.39956,0.40066,0.39355,0.01133,0.39514,0.39711,0.40314,65.86729,NA,0,0,0,0,0.39968,0.39989,0.40288,0.40557,0.38872,0.39153,0.39701,0.40298,0.0019,0.00198,0.00213,0.00245,0.0102,0.01053,0.01066,0.01093,NA,0.612489698
8/12/2023,2023,224,24,goodwaterbau_2023_08_12_115306.jpg,109.633,109.16399,57.00415,0.39581,0.39751,108.16351,7.53676,109.50405,5.28948,58.38271,5.73479,0.39689,0.00481,0.39809,0.40089,0.40285,0.39176,0.01443,0.39738,0.39875,0.40103,65.56576,NA,0,0,0,0,0.39907,0.39933,0.40243,0.40517,0.38962,0.39265,0.39764,0.40329,0.00183,0.0019,0.00206,0.00236,0.00982,0.01014,0.01026,0.01052,NA,0.602929353
8/13/2023,2023,225,24,goodwaterbau_2023_08_13_115305.jpg,98.92094,107.44601,53.27325,0.41383,0.38099,99.54185,5.83929,107.99144,3.73984,57.12393,4.63342,0.40825,0.00726,0.40747,0.41209,0.41953,0.37604,0.01206,0.37441,0.38204,0.39055,65.25978,NA,0,0,0,0,0.39836,0.39865,0.40186,0.40462,0.39062,0.3938,0.39833,0.40374,0.0019,0.00198,0.00213,0.00245,0.0102,0.01053,0.01066,0.01093,NA,0.593381988
8/14/2023,2023,226,24,goodwaterbau_2023_08_14_115305.jpg,93.23825,104.25682,64.17937,0.39842,0.35631,103.49299,5.36471,106.1789,2.86435,56.49099,3.80374,0.39896,0.00409,0.39915,0.40138,0.4036,0.38874,0.01434,0.39466,0.40015,0.40233,64.94943,NA,0,0,0,0,0.3975,0.39782,0.40111,0.4038,0.39188,0.39503,0.39931,0.40473,0.00198,0.00206,0.00222,0.00255,0.01062,0.01097,0.0111,0.01138,NA,0.58378792
8/15/2023,2023,227,24,goodwaterbau_2023_08_15_115305.jpg,96.73598,101.2983,56.0407,0.39869,0.38074,101.14174,6.33624,103.87981,3.24622,57.06653,8.46302,0.3965,0.00554,0.39775,0.40031,0.40271,0.38627,0.02482,0.39601,0.40237,0.40951,64.63543,NA,0,0,0,0,0.39629,0.39667,0.40001,0.4025,0.39369,0.39654,0.401,0.40695,0.00191,0.00199,0.00214,0.00246,0.01024,0.01057,0.0107,0.01097,NA,0.574072828
8/16/2023,2023,228,24,goodwaterbau_2023_08_16_115305.jpg,101.42195,99.59058,50.52875,0.39592,0.4032,105.43389,5.27047,103.89072,4.53123,55.98516,6.34958,0.39171,0.00534,0.39204,0.39713,0.39769,0.39763,0.01356,0.40008,0.40282,0.40581,64.31756,NA,0,0,0,0,0.39486,0.39529,0.39869,0.40088,0.39579,0.39821,0.40313,0.40991,0.00191,0.00199,0.00214,0.00246,0.01024,0.01057,0.0107,0.01097,NA,0.564176735
8/17/2023,2023,229,24,goodwaterbau_2023_08_17_115306.jpg,105.76202,103.13184,52.45862,0.39461,0.40467,107.43419,5.52729,104.62117,3.94967,55.23835,7.2748,0.39159,0.00538,0.3923,0.39498,0.39862,0.40223,0.01705,0.40314,0.40997,0.4183,63.99591,NA,0,0,0,0,0.39357,0.39406,0.39748,0.39942,0.39756,0.39965,0.40487,0.41218,0.00198,0.00206,0.00222,0.00255,0.01062,0.01097,0.0111,0.01138,NA,0.55402896
8/18/2023,2023,230,24,goodwaterbau_2023_08_18_115306.jpg,101.00481,97.64506,49.53782,0.39343,0.40697,109.93596,6.14366,105.23041,4.29391,53.69973,2.63891,0.39146,0.00348,0.3913,0.39456,0.39546,0.40873,0.00767,0.40711,0.41204,0.41764,63.67056,NA,0,0,0,0,0.39198,0.3926,0.39594,0.39743,0.39953,0.40114,0.40644,0.41421,0.00193,0.00201,0.00217,0.0025,0.01038,0.01072,0.01085,0.01112,NA,0.543556905
8/19/2023,2023,231,24,goodwaterbau_2023_08_19_115305.jpg,106.16074,102.03496,51.271,0.39325,0.40915,112.52079,5.36095,107.6427,3.45009,56.45306,4.46928,0.38921,0.00402,0.38953,0.39304,0.39361,0.4068,0.01308,0.40597,0.40924,0.41902,63.3416,NA,0,0,0,0,0.3905,0.39122,0.39449,0.39557,0.40139,0.40253,0.40786,0.41599,0.00198,0.00206,0.00222,0.00255,0.01062,0.01097,0.0111,0.01138,NA,0.532580114
8/20/2023,2023,232,24,goodwaterbau_2023_08_20_115305.jpg,111.5143,106.84179,53.96575,0.39234,0.40949,113.36982,6.18151,109.34922,3.31211,57.51096,5.17441,0.39033,0.00499,0.39016,0.39543,0.39643,0.40455,0.01555,0.40362,0.40771,0.42181,63.00913,NA,0,0,0,0,0.39005,0.39069,0.39398,0.39517,0.40176,0.4029,0.40816,0.416,0.0019,0.00198,0.00213,0.00245,0.0102,0.01053,0.01066,0.01093,NA,0.520912041
8/21/2023,2023,233,23,goodwaterbau_2023_08_21_115306.jpg,108.05594,108.35585,57.35312,0.3958,0.3947,108.45888,8.09508,108.38997,6.25205,58.58062,4.62834,0.39355,0.00408,0.39407,0.39561,0.39664,0.39355,0.01301,0.3947,0.40005,0.4097,62.67324,NA,0,0,0,0,0.39015,0.39064,0.39397,0.39549,0.40118,0.40253,0.40767,0.41487,0.00183,0.0019,0.00206,0.00236,0.00982,0.01014,0.01026,0.01052,NA,0.5085181
8/22/2023,2023,234,23,goodwaterbau_2023_08_22_115305.jpg,105.05773,104.66097,54.78278,0.39569,0.39719,109.02003,11.28704,108.02664,7.60713,61.86082,6.69831,0.3871,0.0096,0.3913,0.3942,0.39602,0.39011,0.02364,0.39719,0.40895,0.41453,62.33436,NA,0,0,0,0,0.39034,0.39067,0.39403,0.39591,0.40052,0.40216,0.40716,0.41364,0.0019,0.00198,0.00213,0.00245,0.0102,0.01053,0.01066,0.01093,NA,0.495542221
8/23/2023,2023,235,22,goodwaterbau_2023_08_23_122305.jpg,119.39597,114.23821,60.29414,0.38866,0.40621,117.45389,2.56942,112.13488,2.02603,58.22654,2.03507,0.38962,0.00142,0.38904,0.39054,0.39178,0.4081,0.00467,0.40772,0.40969,0.41216,61.99189,NA,0,0,0,0,0.39016,0.39039,0.39372,0.39584,0.40064,0.40255,0.4074,0.41331,0.00198,0.00206,0.00222,0.00255,0.01062,0.01097,0.0111,0.01138,NA,0.482161363
8/24/2023,2023,236,23,goodwaterbau_2023_08_24_115305.jpg,119.16334,112.52854,58.9391,0.38719,0.41002,119.76093,5.35857,113.87836,2.79339,61.43934,4.36727,0.38597,0.00383,0.38588,0.38977,0.3903,0.40583,0.01369,0.4079,0.40962,0.41268,61.64593,NA,0,0,0,0,0.38982,0.38999,0.3932,0.39548,0.40164,0.40383,0.40842,0.41385,0.0019,0.00198,0.00213,0.00245,0.0102,0.01053,0.01066,0.01093,NA,0.468456169
8/25/2023,2023,237,23,goodwaterbau_2023_08_25_115305.jpg,118.56829,113.4261,60.77824,0.38742,0.40498,121.15006,6.4377,114.41054,3.74193,61.94773,5.5825,0.38466,0.00442,0.38476,0.38844,0.38973,0.40722,0.01544,0.4089,0.41311,0.4171,61.29764,NA,0,0,0,0,0.38956,0.38965,0.3927,0.39515,0.40305,0.40557,0.40977,0.41464,0.00183,0.0019,0.00206,0.00236,0.00982,0.01014,0.01026,0.01052,NA,0.454497523
8/26/2023,2023,238,22,goodwaterbau_2023_08_26_115305.jpg,118.12668,115.13377,57.01754,0.39663,0.40694,109.28266,6.50001,111.37489,2.9954,56.94269,4.19446,0.40151,0.01111,0.39777,0.40375,0.4143,0.39341,0.0113,0.3944,0.40144,0.40557,60.94566,NA,0,0,0,0,0.38898,0.38901,0.39191,0.39446,0.40487,0.40769,0.4115,0.41586,0.0019,0.00198,0.00213,0.00245,0.0102,0.01053,0.01066,0.01093,NA,0.440340027
8/27/2023,2023,239,22,goodwaterbau_2023_08_27_115305.jpg,119.68245,113.56716,58.89338,0.38874,0.40967,115.15155,9.93527,111.74736,6.61437,60.5919,7.16026,0.38898,0.00476,0.39002,0.39216,0.3944,0.40044,0.01802,0.40949,0.4117,0.4139,60.59154,NA,0,0,0,0,0.3877,0.38768,0.39048,0.39302,0.40711,0.41008,0.41368,0.41766,0.00198,0.00206,0.00222,0.00255,0.01062,0.01097,0.0111,0.01138,NA,0.426167643
8/28/2023,2023,240,22,goodwaterbau_2023_08_28_115305.jpg,124.85003,114.44672,59.39636,0.38316,0.41799,121.59989,6.46296,114.02808,3.76943,60.38582,4.57922,0.38528,0.00291,0.38604,0.38795,0.38826,0.41072,0.01384,0.41473,0.41738,0.42242,60.23392,NA,0,0,0,0,0.38543,0.38544,0.38819,0.39046,0.40998,0.41297,0.41661,0.42035,0.0019,0.00198,0.00213,0.00245,0.0102,0.01053,0.01066,0.01093,NA,0.412149723
8/29/2023,2023,241,22,goodwaterbau_2023_08_29_115306.jpg,118.0853,107.79025,55.10027,0.38363,0.42027,125.68997,5.22703,113.73013,4.1092,58.18564,3.99633,0.38223,0.00291,0.38259,0.38465,0.38547,0.42238,0.00741,0.41999,0.42454,0.43347,59.87437,NA,0,0,0,0,0.38244,0.38253,0.38523,0.38705,0.41343,0.41639,0.42021,0.42378,0.00183,0.0019,0.00206,0.00236,0.00982,0.01014,0.01026,0.01052,NA,0.398237618
8/30/2023,2023,242,22,goodwaterbau_2023_08_30_115305.jpg,122.53626,109.39568,55.12115,0.3811,0.42688,124.92143,6.80572,113.47503,5.79718,60.66457,6.98667,0.37959,0.00348,0.38072,0.38154,0.38274,0.41796,0.01314,0.42115,0.42441,0.42757,59.51146,NA,0,0,0,0,0.37914,0.37933,0.38197,0.38334,0.41705,0.41991,0.424,0.42748,0.0019,0.00198,0.00213,0.00245,0.0102,0.01053,0.01066,0.01093,NA,0.384364431
8/31/2023,2023,243,22,goodwaterbau_2023_08_31_115305.jpg,120.37039,107.32183,56.82995,0.3772,0.42306,124.11616,5.36649,111.26168,5.86286,61.06038,8.12899,0.37547,0.00354,0.37596,0.37855,0.37913,0.41916,0.01201,0.42182,0.42569,0.42907,59.14641,NA,0,0,0,0,0.37598,0.37623,0.3788,0.37988,0.42041,0.42312,0.42749,0.43099,0.00198,0.00206,0.00222,0.00255,0.01062,0.01097,0.0111,0.01138,NA,0.370536742
9/1/2023,2023,244,22,goodwaterbau_2023_09_01_115305.jpg,126.01441,110.25705,58.64856,0.37385,0.42728,126.79318,4.83828,111.70005,5.6965,61.69366,8.21429,0.3722,0.00351,0.37249,0.37535,0.37582,0.42288,0.01265,0.42583,0.42966,0.43434,58.77893,NA,0,0,0,0,0.37274,0.37296,0.37548,0.37652,0.42356,0.42603,0.43068,0.43431,0.0019,0.00198,0.00213,0.00245,0.0102,0.01053,0.01066,0.01093,NA,0.356684667
9/2/2023,2023,245,22,goodwaterbau_2023_09_02_115305.jpg,124.76351,106.47585,57.37635,0.36892,0.43228,128.03768,6.33791,110.37645,6.52489,62.01934,8.26127,0.36744,0.00365,0.36696,0.37136,0.37183,0.42662,0.01338,0.43052,0.43525,0.43654,58.40909,NA,0,0,0,0,0.36919,0.36934,0.37184,0.37298,0.42675,0.42888,0.43386,0.43775,0.00183,0.0019,0.00206,0.00236,0.00982,0.01014,0.01026,0.01052,NA,0.342746085
9/3/2023,2023,246,22,goodwaterbau_2023_09_03_115305.jpg,128.60112,107.65913,59.06312,0.36455,0.43546,130.63872,5.20855,110.42164,5.12023,61.90716,6.30259,0.36446,0.00271,0.3636,0.36714,0.36813,0.43146,0.01206,0.43361,0.43976,0.44066,58.05056,NA,0,0,0,0,0.36573,0.36578,0.36828,0.36957,0.42988,0.43165,0.43702,0.44122,0.0019,0.00198,0.00213,0.00245,0.0102,0.01053,0.01066,0.01093,NA,0.328702281
9/4/2023,2023,247,22,goodwaterbau_2023_09_04_115305.jpg,137.66047,113.63476,62.7433,0.36185,0.43836,134.99955,4.15017,111.88948,3.92313,62.31286,6.0662,0.36187,0.00265,0.36238,0.36431,0.36522,0.43687,0.01362,0.43635,0.44508,0.44779,57.69181,NA,0,0,0,0,0.36275,0.36274,0.3652,0.36661,0.43281,0.43429,0.44013,0.44464,0.00198,0.00206,0.00222,0.00255,0.01062,0.01097,0.0111,0.01138,NA,0.314576232
9/5/2023,2023,248,22,goodwaterbau_2023_09_05_115305.jpg,131.24497,105.55062,56.03054,0.36045,0.4482,137.22492,9.15142,114.40451,6.30427,66.83926,6.58601,0.35934,0.00403,0.35907,0.36081,0.36568,0.43095,0.01505,0.43291,0.44175,0.44779,57.33085,NA,0,0,0,0,0.36039,0.36035,0.36267,0.36421,0.43574,0.43688,0.44342,0.44837,0.0019,0.00198,0.00213,0.00245,0.0102,0.01053,0.01066,0.01093,NA,0.300374065
9/6/2023,2023,249,22,goodwaterbau_2023_09_06_115305.jpg,136.5878,113.45999,64.67381,0.36051,0.434,133.00199,3.85758,110.85862,2.08828,63.19499,1.84944,0.36105,0.00149,0.3608,0.36184,0.3632,0.43311,0.00626,0.43391,0.43494,0.4374,56.96777,NA,0,0,0,0,0.35835,0.35831,0.36042,0.36211,0.43875,0.43947,0.44689,0.45245,0.00183,0.0019,0.00206,0.00236,0.00982,0.01014,0.01026,0.01052,NA,0.286074411
9/7/2023,2023,250,22,goodwaterbau_2023_09_07_115305.jpg,133.03959,105.83688,58.00837,0.35649,0.44812,137.55104,5.40666,108.95958,3.97028,60.78113,6.54455,0.35455,0.00284,0.35429,0.35688,0.35764,0.4479,0.01823,0.44596,0.45421,0.4708,56.60266,NA,0,0,0,0,0.35647,0.35644,0.35833,0.36015,0.44158,0.44192,0.45018,0.45636,0.0019,0.00198,0.00213,0.00245,0.0102,0.01053,0.01066,0.01093,NA,0.271683284
9/8/2023,2023,251,22,goodwaterbau_2023_09_08_115305.jpg,136.50827,107.70485,56.10257,0.35864,0.45455,133.15473,4.48579,107.40614,4.18883,60.6196,7.12441,0.35664,0.00358,0.35861,0.35981,0.36006,0.44249,0.01571,0.44532,0.45063,0.45724,56.23559,NA,0,0,0,0,0.35457,0.35454,0.35628,0.35815,0.44401,0.4441,0.45292,0.45957,0.00198,0.00206,0.00222,0.00255,0.01062,0.01097,0.0111,0.01138,NA,0.257241869
9/9/2023,2023,252,22,goodwaterbau_2023_09_09_115305.jpg,115.54345,96.06589,56.59095,0.35819,0.43081,137.55947,9.58324,108.89599,4.95726,63.13549,6.59213,0.35177,0.00308,0.35121,0.35286,0.35771,0.44422,0.02098,0.44408,0.45818,0.46463,55.86666,NA,0,0,0,0,0.35269,0.35261,0.35433,0.35615,0.44598,0.44607,0.45519,0.46201,0.0019,0.00198,0.00213,0.00245,0.0102,0.01053,0.01066,0.01093,NA,0.242776747
9/10/2023,2023,253,22,goodwaterbau_2023_09_10_115306.jpg,146.66494,112.82352,64.37984,0.34836,0.45285,142.37506,6.21776,109.76225,2.57131,62.59065,4.11016,0.34877,0.003,0.34816,0.34967,0.35004,0.45231,0.01503,0.45195,0.46108,0.46566,55.49626,NA,0,0,0,0,0.35091,0.35075,0.35254,0.35424,0.44769,0.44792,0.45726,0.46405,0.00183,0.0019,0.00206,0.00236,0.00982,0.01014,0.01026,0.01052,NA,0.228308579
9/11/2023,2023,254,22,goodwaterbau_2023_09_11_115305.jpg,139.42168,105.34236,57.09297,0.34898,0.46188,132.24527,5.88612,102.51252,3.9049,56.88614,3.8086,0.35155,0.00159,0.35156,0.35274,0.35334,0.45348,0.00917,0.45293,0.46136,0.46357,55.12358,NA,0,0,0,0,0.34916,0.34894,0.35079,0.35235,0.44921,0.44962,0.45904,0.4658,0.0019,0.00198,0.00213,0.00245,0.0102,0.01053,0.01066,0.01093,NA,0.213898996
9/12/2023,2023,255,22,goodwaterbau_2023_09_12_115306.jpg,131.47984,100.12154,55.73392,0.34845,0.45758,131.362,10.54887,103.56035,5.23065,61.48705,7.90086,0.34944,0.00381,0.3483,0.35219,0.35533,0.44316,0.02601,0.44349,0.46125,0.46803,54.74991,NA,0,0,0,0,0.34737,0.34713,0.34897,0.3504,0.45062,0.45113,0.46046,0.46736,0.00198,0.00206,0.00222,0.00255,0.01062,0.01097,0.0111,0.01138,NA,0.199649566
9/13/2023,2023,256,22,goodwaterbau_2023_09_13_115305.jpg,150.25017,114.08903,66.50869,0.34484,0.45414,141.28185,8.96963,106.91585,5.70625,62.38446,5.04295,0.34424,0.00312,0.34417,0.34568,0.34587,0.45484,0.01551,0.45514,0.45969,0.47227,54.37418,NA,0,0,0,0,0.34546,0.34528,0.34697,0.34827,0.45185,0.45234,0.46125,0.46865,0.0019,0.00198,0.00213,0.00245,0.0102,0.01053,0.01066,0.01093,NA,0.185705952
9/14/2023,2023,257,22,goodwaterbau_2023_09_14_115305.jpg,134.49088,105.1859,64.45855,0.34585,0.44221,140.95917,8.79036,107.41375,4.52661,63.99952,3.27007,0.34392,0.00185,0.34371,0.34581,0.34635,0.451,0.01166,0.45209,0.45984,0.46344,53.99735,NA,0,0,0,0,0.3435,0.34342,0.34489,0.34603,0.45281,0.45326,0.46141,0.46955,0.00183,0.0019,0.00206,0.00236,0.00982,0.01014,0.01026,0.01052,NA,0.172186198
9/15/2023,2023,258,20,goodwaterbau_2023_09_15_115305.jpg,157.63709,118.25849,71.69207,0.34023,0.45352,147.23428,10.35912,110.96618,6.48749,68.09499,5.38059,0.34011,0.00241,0.3402,0.3406,0.34333,0.4511,0.01367,0.45384,0.45842,0.46616,53.61923,NA,0,0,0,0,0.34161,0.34164,0.34289,0.34389,0.45358,0.45402,0.46132,0.47019,0.0019,0.00198,0.00213,0.00245,0.0102,0.01053,0.01066,0.01093,NA,0.159153412
9/16/2023,2023,259,21,goodwaterbau_2023_09_16_115305.jpg,131.0992,103.3902,68.59526,0.34113,0.43255,137.93291,6.29802,105.5758,5.44596,65.15383,6.57517,0.34207,0.00181,0.34198,0.34327,0.34406,0.44719,0.01312,0.44837,0.45456,0.46309,53.2399,NA,0,0,0,0,0.33992,0.34003,0.34111,0.34203,0.45422,0.45474,0.46139,0.47066,0.00198,0.00206,0.00222,0.00255,0.01062,0.01097,0.0111,0.01138,NA,0.146599912
9/17/2023,2023,260,21,goodwaterbau_2023_09_17_115305.jpg,147.7823,105.6734,59.31729,0.33786,0.47249,143.83043,8.81313,103.83385,4.48828,60.4588,4.48587,0.337,0.00358,0.3374,0.33827,0.33888,0.46663,0.01753,0.46672,0.47249,0.48535,52.85948,NA,0,0,0,0,0.33838,0.33854,0.33949,0.34043,0.45484,0.4555,0.46164,0.47097,0.00191,0.00199,0.00214,0.00246,0.01024,0.01057,0.0107,0.01097,NA,0.134505887
9/18/2023,2023,261,21,goodwaterbau_2023_09_18_115305.jpg,154.37186,114.03318,69.74519,0.33723,0.45652,146.93532,8.64623,107.59214,6.51888,65.97876,6.06956,0.33561,0.00301,0.33674,0.33705,0.33723,0.45863,0.01636,0.45652,0.465,0.48107,52.47806,NA,0,0,0,0,0.33693,0.33715,0.33797,0.33898,0.45539,0.45621,0.46184,0.47106,0.00191,0.00199,0.00214,0.00246,0.01024,0.01057,0.0107,0.01097,NA,0.122881424
9/19/2023,2023,262,21,goodwaterbau_2023_09_19_115305.jpg,155.71813,115.11367,72.01804,0.33576,0.45419,151.4153,6.90954,111.82687,4.94459,70.16612,4.14564,0.3354,0.00138,0.33558,0.33604,0.33639,0.45417,0.00874,0.45295,0.45796,0.46394,52.09576,NA,0,0,0,0,0.33567,0.33591,0.33664,0.33771,0.45565,0.45673,0.46202,0.47101,0.00198,0.00206,0.00222,0.00255,0.01062,0.01097,0.0111,0.01138,NA,0.111722619
9/20/2023,2023,263,21,goodwaterbau_2023_09_20_115306.jpg,143.3841,104.81913,64.37846,0.33533,0.45871,141.50043,6.56835,106.30056,2.98525,68.34858,4.91621,0.33623,0.00113,0.33604,0.33629,0.33721,0.44754,0.01583,0.45068,0.45615,0.45965,51.71285,NA,0,0,0,0,0.33476,0.33491,0.33571,0.33689,0.45523,0.45682,0.46203,0.47039,0.00193,0.00201,0.00217,0.0025,0.01038,0.01072,0.01085,0.01112,NA,0.101021309
9/21/2023,2023,264,21,goodwaterbau_2023_09_21_115305.jpg,137.72145,100.76348,62.10148,0.33522,0.45818,148.79737,11.00308,108.73047,4.87549,68.24134,5.62146,0.33381,0.00394,0.33367,0.33522,0.33834,0.45648,0.0214,0.46288,0.46749,0.47741,51.32886,NA,0,0,0,0,0.33399,0.33404,0.33493,0.33621,0.45467,0.45677,0.46205,0.46969,0.00198,0.00206,0.00222,0.00255,0.01062,0.01097,0.0111,0.01138,NA,0.090779479
9/22/2023,2023,265,21,goodwaterbau_2023_09_22_115306.jpg,144.81824,107.1407,68.97687,0.33384,0.45124,151.50884,8.23482,110.02246,4.84249,69.3045,2.67839,0.33257,0.0013,0.33255,0.33319,0.33384,0.4578,0.00715,0.45676,0.46216,0.46727,50.94467,NA,0,0,0,0,0.33328,0.33325,0.33415,0.3354,0.45422,0.45671,0.46223,0.4693,0.0019,0.00198,0.00213,0.00245,0.0102,0.01053,0.01066,0.01093,NA,0.081010344
9/23/2023,2023,266,21,goodwaterbau_2023_09_23_115305.jpg,146.68886,106.77581,67.89646,0.33226,0.45646,149.89399,8.25123,108.86079,4.02049,68.36076,2.29929,0.33284,0.00242,0.3331,0.3344,0.33549,0.458,0.00938,0.45731,0.46387,0.47143,50.55964,NA,0,0,0,0,0.33274,0.33262,0.33351,0.33471,0.45351,0.45644,0.46238,0.46879,0.00183,0.0019,0.00206,0.00236,0.00982,0.01014,0.01026,0.01052,NA,0.071724927
9/24/2023,2023,267,20,goodwaterbau_2023_09_24_115305.jpg,139.64252,100.92468,62.91016,0.33256,0.46014,148.37724,14.48544,110.59679,7.81601,73.04863,7.04962,0.33315,0.00241,0.33217,0.33465,0.3368,0.44648,0.02094,0.4556,0.45842,0.46389,50.1744,NA,0,0,0,0,0.3323,0.33208,0.33297,0.33408,0.45283,0.45619,0.46259,0.46834,0.0019,0.00198,0.00213,0.00245,0.0102,0.01053,0.01066,0.01093,NA,0.062929615
9/25/2023,2023,268,20,goodwaterbau_2023_09_25_115305.jpg,160.942,117.08083,74.86685,0.33178,0.45607,148.6003,13.29457,110.3109,6.80982,73.28407,8.04568,0.33207,0.00239,0.33164,0.33187,0.33371,0.44707,0.02481,0.45456,0.46121,0.46526,49.78889,NA,0,0,0,0,0.33187,0.33159,0.33245,0.33348,0.45245,0.45614,0.46291,0.46814,0.00198,0.00206,0.00222,0.00255,0.01062,0.01097,0.0111,0.01138,NA,0.054636077
9/26/2023,2023,269,20,goodwaterbau_2023_09_26_115305.jpg,158.75069,114.61985,72.59216,0.33131,0.45887,151.4093,9.93751,109.81165,5.48685,70.5437,5.29254,0.33098,0.00217,0.33098,0.33138,0.33152,0.45623,0.01658,0.45766,0.46392,0.46874,49.40321,NA,0,0,0,0,0.33147,0.33116,0.33194,0.33286,0.45248,0.45644,0.46351,0.46834,0.0019,0.00198,0.00213,0.00245,0.0102,0.01053,0.01066,0.01093,NA,0.046846544
9/27/2023,2023,270,20,goodwaterbau_2023_09_27_115305.jpg,178.70661,137.93329,97.92465,0.33272,0.43107,148.9816,14.19262,109.15548,9.28691,71.55252,9.06033,0.33106,0.00227,0.33093,0.33126,0.33145,0.45188,0.02178,0.45263,0.46537,0.47072,49.01744,NA,0,0,0,0,0.33115,0.33083,0.33148,0.33225,0.45271,0.45693,0.46432,0.46879,0.00183,0.0019,0.00206,0.00236,0.00982,0.01014,0.01026,0.01052,NA,0.039558539
9/28/2023,2023,271,20,goodwaterbau_2023_09_28_115305.jpg,160.1085,115.21548,73.07351,0.3307,0.45956,148.6871,12.64356,108.18337,6.3555,70.1931,6.03681,0.33079,0.00266,0.33068,0.33102,0.33121,0.45424,0.02051,0.45716,0.4669,0.47272,48.63168,NA,0,0,0,0,0.33089,0.33057,0.33108,0.33171,0.45297,0.45732,0.46504,0.4692,0.0019,0.00198,0.00213,0.00245,0.0102,0.01053,0.01066,0.01093,NA,0.032754968
9/29/2023,2023,272,20,goodwaterbau_2023_09_29_115305.jpg,153.26698,109.93242,69.66625,0.33026,0.46045,152.01549,10.81766,110.50792,5.25296,71.70793,5.60906,0.33064,0.00273,0.33022,0.33058,0.33082,0.45458,0.01937,0.4592,0.46555,0.46924,48.24601,NA,0,0,0,0,0.33066,0.33036,0.33079,0.33133,0.45305,0.45734,0.46534,0.46926,0.00198,0.00206,0.00222,0.00255,0.01062,0.01097,0.0111,0.01138,NA,0.026386405
9/30/2023,2023,273,20,goodwaterbau_2023_09_30_115306.jpg,155.89507,112.09815,71.62807,0.33007,0.45903,151.0644,13.04932,110.32689,6.54699,72.4212,6.24933,0.33052,0.00299,0.33015,0.33062,0.33073,0.45216,0.0216,0.45725,0.46356,0.46721,47.86065,NA,0,0,0,0,0.3305,0.33022,0.33064,0.33119,0.45297,0.45688,0.46508,0.46881,0.0019,0.00198,0.00213,0.00245,0.0102,0.01053,0.01066,0.01093,NA,0.020418459
10/1/2023,2023,274,20,goodwaterbau_2023_10_01_115306.jpg,156.74013,112.8352,72.00933,0.33033,0.45886,150.71556,11.78841,109.63795,5.33083,71.5923,5.43953,0.33031,0.00264,0.3302,0.33046,0.33055,0.45364,0.02046,0.45727,0.46684,0.469,47.47545,NA,0,0,0,0,0.3304,0.33017,0.33063,0.33123,0.45284,0.45614,0.46447,0.46809,0.00183,0.0019,0.00206,0.00236,0.00982,0.01014,0.01026,0.01052,NA,0.01487175
10/2/2023,2023,275,20,goodwaterbau_2023_10_02_115305.jpg,138.45519,102.02305,66.00755,0.33288,0.45175,151.84672,13.64863,110.34186,5.12588,71.78243,5.55656,0.33048,0.00365,0.3295,0.33006,0.33339,0.454,0.02439,0.46287,0.46797,0.47098,47.09053,NA,0,0,0,0,0.33034,0.33015,0.33066,0.33134,0.45271,0.45537,0.46379,0.46732,0.0019,0.00198,0.00213,0.00245,0.0102,0.01053,0.01066,0.01093,NA,0.00969077
10/3/2023,2023,276,19,goodwaterbau_2023_10_03_115305.jpg,159.07124,111.93673,69.05512,0.32916,0.46777,147.37193,9.18088,106.34789,3.72777,68.79539,4.11314,0.32979,0.0029,0.33005,0.33128,0.33161,0.45669,0.01613,0.45767,0.46644,0.46889,46.70619,NA,0,0,0,0,0.33027,0.33012,0.33066,0.33138,0.45259,0.45479,0.46331,0.46676,0.00198,0.00206,0.00222,0.00255,0.01062,0.01097,0.0111,0.01138,NA,0.004880996
10/4/2023,2023,277,19,goodwaterbau_2023_10_04_115305.jpg,167.99564,119.2426,74.91001,0.32926,0.46389,144.90761,10.52706,107.68301,5.26441,72.59657,2.7466,0.33117,0.00073,0.33132,0.3316,0.33177,0.44519,0.01208,0.44472,0.45358,0.45932,46.32242,NA,0,0,0,0,0.33019,0.33008,0.33063,0.33135,0.45241,0.45422,0.46299,0.46639,0.0019,0.00198,0.00213,0.00245,0.0102,0.01053,0.01066,0.01093,NA,0.000600023
10/5/2023,2023,278,19,goodwaterbau_2023_10_05_115305.jpg,155.74892,112.42348,72.45386,0.33005,0.45724,148.92745,10.00284,108.80127,5.28648,71.83046,3.21093,0.33016,0.00093,0.33013,0.33061,0.33139,0.45158,0.01107,0.45085,0.46108,0.46497,45.93934,NA,0,0,0,0,0.33014,0.33006,0.33062,0.33132,0.45217,0.45352,0.46266,0.46606,0.00183,0.0019,0.00206,0.00236,0.00982,0.01014,0.01026,0.01052,NA,-0.003042921
10/6/2023,2023,279,19,goodwaterbau_2023_10_06_115305.jpg,139.13793,103.07235,71.12109,0.32896,0.44406,144.48974,6.40691,105.57382,4.16662,70.08206,4.64654,0.32977,0.001,0.3297,0.33026,0.33098,0.45137,0.01116,0.44784,0.46101,0.46584,45.55706,NA,0,0,0,0,0.3301,0.33005,0.33061,0.33129,0.45194,0.45288,0.46236,0.46583,0.0019,0.00198,0.00213,0.00245,0.0102,0.01053,0.01066,0.01093,NA,-0.005997571
10/7/2023,2023,280,19,goodwaterbau_2023_10_07_115305.jpg,157.68159,113.20546,72.20434,0.32996,0.45959,150.86007,10.81795,109.73581,6.11852,71.99747,5.03458,0.32995,0.00115,0.32996,0.33058,0.33111,0.45333,0.01423,0.4572,0.46444,0.46688,45.17568,NA,0,0,0,0,0.33007,0.33005,0.33061,0.33129,0.4518,0.45254,0.46215,0.46572,0.00198,0.00206,0.00222,0.00255,0.01062,0.01097,0.0111,0.01138,NA,-0.008288741
10/8/2023,2023,281,19,goodwaterbau_2023_10_08_115305.jpg,150.19668,108.03434,68.80798,0.33034,0.45926,151.95124,9.89817,110.08355,5.88109,71.48842,4.12332,0.33007,0.00092,0.33005,0.33037,0.33071,0.4554,0.01044,0.4554,0.46361,0.46519,44.79533,NA,0,0,0,0,0.33006,0.33003,0.33058,0.33133,0.45195,0.45285,0.46228,0.46596,0.0019,0.00198,0.00213,0.00245,0.0102,0.01053,0.01066,0.01093,NA,-0.009921601
10/9/2023,2023,282,19,goodwaterbau_2023_10_09_115305.jpg,153.32471,110.5326,71.15588,0.32994,0.45767,149.04586,12.10882,108.37822,6.97755,71.31793,5.37728,0.32969,0.00129,0.32982,0.33034,0.3306,0.45306,0.01447,0.45541,0.46366,0.46764,44.41611,NA,0,0,0,0,0.33006,0.33,0.33055,0.33141,0.45234,0.45369,0.46275,0.46654,0.00183,0.0019,0.00206,0.00236,0.00982,0.01014,0.01026,0.01052,NA,-0.010860533
10/10/2023,2023,283,19,goodwaterbau_2023_10_10_115306.jpg,162.74954,117.51252,76.06744,0.32979,0.45674,149.04527,11.48406,108.51722,6.55872,71.63167,5.96668,0.32965,0.00148,0.32955,0.33038,0.33071,0.45253,0.01616,0.45453,0.46424,0.46782,44.03819,NA,0,0,0,0,0.33009,0.32998,0.33054,0.33152,0.45267,0.45456,0.46322,0.46717,0.0019,0.00198,0.00213,0.00245,0.0102,0.01053,0.01066,0.01093,NA,-0.011130679
10/11/2023,2023,284,19,goodwaterbau_2023_10_11_115305.jpg,169.22317,122.13804,78.38342,0.33033,0.45768,155.052,14.53081,114.60415,6.986,76.59067,8.46865,0.33102,0.00261,0.33031,0.33078,0.33448,0.44745,0.02716,0.45232,0.46301,0.46921,43.66155,NA,0,0,0,0,0.33013,0.33,0.33057,0.33166,0.45268,0.45495,0.46333,0.46756,0.00198,0.00206,0.00222,0.00255,0.01062,0.01097,0.0111,0.01138,NA,-0.010833957
10/12/2023,2023,285,19,goodwaterbau_2023_10_12_115306.jpg,160.8582,116.61163,75.12997,0.33072,0.45621,155.05396,11.86643,113.75295,6.9776,75.15857,7.06221,0.3307,0.00162,0.33041,0.33096,0.33121,0.45067,0.01825,0.45321,0.46113,0.46554,43.28647,NA,0,0,0,0,0.33022,0.33007,0.33067,0.33187,0.45223,0.45462,0.46292,0.46775,0.0019,0.00198,0.00213,0.00245,0.0102,0.01053,0.01066,0.01093,NA,-0.0101314
10/13/2023,2023,286,19,goodwaterbau_2023_10_13_115305.jpg,144.35543,106.75108,71.36717,0.33104,0.44765,141.19851,7.7541,103.93595,5.15589,69.52415,4.11915,0.33027,0.00195,0.33077,0.33132,0.33197,0.44869,0.0112,0.45028,0.45591,0.46124,42.91293,NA,0,0,0,0,0.33034,0.33018,0.33081,0.33215,0.4515,0.45386,0.46216,0.46789,0.00183,0.0019,0.00206,0.00236,0.00982,0.01014,0.01026,0.01052,NA,-0.009153705
10/14/2023,2023,287,19,goodwaterbau_2023_10_14_115305.jpg,139.05333,98.23197,60.85818,0.32948,0.4664,135.78312,3.62236,96.10045,2.15617,60.4551,1.61189,0.32873,0.00083,0.32875,0.32917,0.32961,0.46444,0.00481,0.46382,0.46653,0.47023,42.54114,NA,0,0,0,0,0.33047,0.33031,0.33096,0.33241,0.45067,0.453,0.46124,0.46782,0.0019,0.00198,0.00213,0.00245,0.0102,0.01053,0.01066,0.01093,NA,-0.007991969
10/15/2023,2023,288,20,goodwaterbau_2023_10_15_115305.jpg,131.74175,96.84316,65.14687,0.3297,0.44851,134.04104,9.16202,98.60192,4.4324,64.83951,4.64206,0.33147,0.00164,0.33108,0.33179,0.33434,0.45033,0.017,0.45282,0.46136,0.46985,42.17119,NA,0,0,0,0,0.33058,0.33041,0.33108,0.33255,0.44993,0.45238,0.46033,0.46738,0.00198,0.00206,0.00222,0.00255,0.01062,0.01097,0.0111,0.01138,NA,-0.006684068
10/16/2023,2023,289,19,goodwaterbau_2023_10_16_115305.jpg,176.30574,129.51879,85.83351,0.33069,0.45015,152.13635,12.45224,113.68406,9.22423,77.16678,14.10533,0.33136,0.00332,0.33069,0.33206,0.33503,0.44474,0.03354,0.45015,0.46933,0.47654,41.8032,NA,0,0,0,0,0.33064,0.33044,0.33113,0.3325,0.4493,0.45216,0.45947,0.46648,0.0019,0.00198,0.00213,0.00245,0.0102,0.01053,0.01066,0.01093,NA,-0.005310884
10/17/2023,2023,290,19,goodwaterbau_2023_10_17_115305.jpg,166.24354,122.01937,80.98637,0.33045,0.45022,162.97823,15.64716,120.92906,8.09779,81.79605,7.32611,0.33072,0.00238,0.33049,0.33107,0.33196,0.44516,0.02182,0.45022,0.45438,0.46174,41.43729,NA,0,0,0,0,0.33068,0.33043,0.33112,0.33231,0.44869,0.45215,0.4586,0.46525,0.00183,0.0019,0.00206,0.00236,0.00982,0.01014,0.01026,0.01052,NA,-0.006201961
10/18/2023,2023,291,19,goodwaterbau_2023_10_18_115305.jpg,164.43392,124.01136,85.10562,0.33198,0.44019,162.64783,9.7625,120.38868,5.77227,80.94392,4.98769,0.33077,0.00089,0.33078,0.33125,0.33191,0.44674,0.01184,0.44775,0.45198,0.45762,41.07358,NA,0,0,0,0,0.33072,0.33044,0.33113,0.33212,0.44809,0.45209,0.4577,0.46391,0.0019,0.00198,0.00213,0.00245,0.0102,0.01053,0.01066,0.01093,NA,-0.007853922
10/19/2023,2023,292,19,goodwaterbau_2023_10_19_115305.jpg,156.88914,115.12446,76.05042,0.33076,0.45075,159.12753,9.60153,116.89801,4.42216,77.89704,4.39139,0.33031,0.00182,0.33073,0.33098,0.3315,0.44938,0.01459,0.44692,0.45176,0.46671,40.71219,NA,0,0,0,0,0.3308,0.3305,0.3312,0.33205,0.44749,0.45175,0.45679,0.46265,0.00198,0.00206,0.00222,0.00255,0.01062,0.01097,0.0111,0.01138,NA,-0.009332293
10/20/2023,2023,293,19,goodwaterbau_2023_10_20_115305.jpg,168.07112,122.65703,80.27271,0.33061,0.45302,160.1215,18.83564,119.25885,9.41714,80.69246,9.14919,0.33128,0.00314,0.33061,0.33182,0.33211,0.44394,0.02811,0.45302,0.45618,0.45949,40.35324,NA,0,0,0,0,0.33093,0.33064,0.33135,0.33209,0.44711,0.45118,0.45594,0.46146,0.0019,0.00198,0.00213,0.00245,0.0102,0.01053,0.01066,0.01093,NA,-0.010637073
10/21/2023,2023,294,19,goodwaterbau_2023_10_21_115306.jpg,170.12107,124.31288,81.40148,0.33076,0.45265,159.85105,18.63718,119.5492,9.83425,81.07255,8.77828,0.3317,0.00281,0.33086,0.33169,0.33203,0.44275,0.02611,0.45265,0.45481,0.45553,39.99686,NA,0,0,0,0,0.33108,0.33083,0.33155,0.33216,0.44689,0.4505,0.45506,0.46016,0.00183,0.0019,0.00206,0.00236,0.00982,0.01014,0.01026,0.01052,NA,-0.011768263
10/22/2023,2023,295,17,goodwaterbau_2023_10_22_115305.jpg,171.47479,125.46805,82.20663,0.33092,0.45226,167.46585,11.67368,123.92702,6.67035,82.72801,4.16588,0.33127,0.00066,0.33103,0.3316,0.33221,0.44732,0.01063,0.45226,0.45436,0.45516,39.64316,NA,0,0,0,0,0.3313,0.33108,0.33182,0.33234,0.44641,0.44952,0.45392,0.45863,0.0019,0.00198,0.00213,0.00245,0.0102,0.01053,0.01066,0.01093,NA,-0.012725863
10/23/2023,2023,296,17,goodwaterbau_2023_10_23_115305.jpg,171.24181,124.31,80.39626,0.33066,0.45549,169.44396,12.68149,123.5571,7.8333,80.69162,4.36279,0.33066,0.00063,0.33066,0.33085,0.33116,0.45313,0.00799,0.45549,0.45791,0.46107,39.29226,NA,0,0,0,0,0.33162,0.33143,0.33218,0.33267,0.44527,0.44804,0.4523,0.45677,0.00198,0.00206,0.00222,0.00255,0.01062,0.01097,0.0111,0.01138,NA,-0.013509872
10/24/2023,2023,297,17,goodwaterbau_2023_10_24_115305.jpg,168.25346,120.51201,76.80427,0.32966,0.46025,161.75099,8.41364,119.0369,5.03364,79.17275,2.82147,0.33069,0.00086,0.33032,0.33141,0.33217,0.44921,0.00704,0.44873,0.45435,0.4587,38.94427,NA,0,0,0,0,0.33216,0.33197,0.33277,0.33334,0.44287,0.4454,0.44968,0.4542,0.0019,0.00198,0.00213,0.00245,0.0102,0.01053,0.01066,0.01093,NA,-0.014120291
10/25/2023,2023,298,17,goodwaterbau_2023_10_25_115305.jpg,162.3008,116.0914,72.49577,0.33085,0.46254,151.17507,6.39122,112.2575,4.48759,75.30397,5.23978,0.33136,0.00159,0.33123,0.33253,0.3331,0.4464,0.01336,0.44316,0.45626,0.46181,38.59931,NA,0,0,0,0,0.33287,0.33268,0.33355,0.33429,0.43956,0.44181,0.44629,0.45108,0.00183,0.0019,0.00206,0.00236,0.00982,0.01014,0.01026,0.01052,NA,-0.01455712
10/26/2023,2023,299,17,goodwaterbau_2023_10_26_115305.jpg,149.99939,113.09478,75.81801,0.3337,0.44259,146.98953,6.40278,111.76353,3.59305,76.42878,4.90461,0.33342,0.00127,0.33388,0.33429,0.33491,0.43854,0.01418,0.44203,0.44693,0.45143,38.25749,NA,0,0,0,0,0.33355,0.33337,0.33429,0.3352,0.43635,0.4384,0.44306,0.44812,0.0019,0.00198,0.00213,0.00245,0.0102,0.01053,0.01066,0.01093,NA,-0.014820358
10/27/2023,2023,300,17,goodwaterbau_2023_10_27_115305.jpg,140.08062,109.28319,76.73941,0.33512,0.42956,140.75627,7.94849,111.01675,3.51387,78.55519,6.56486,0.3361,0.00188,0.33613,0.33722,0.33801,0.42613,0.01896,0.42956,0.43185,0.44529,37.9189,NA,0,0,0,0,0.334,0.33383,0.33477,0.33575,0.43427,0.43628,0.44091,0.44603,0.00198,0.00206,0.00222,0.00255,0.01062,0.01097,0.0111,0.01138,NA,-0.014910006
10/28/2023,2023,301,17,goodwaterbau_2023_10_28_115305.jpg,138.87381,110.70858,79.58125,0.33633,0.4219,137.48327,11.80258,110.47863,6.02129,79.98702,3.22945,0.33699,0.00225,0.33626,0.33736,0.34047,0.41862,0.01232,0.41889,0.42235,0.42753,37.58366,NA,0,0,0,0,0.33421,0.33406,0.33495,0.33586,0.43333,0.43569,0.43985,0.44464,0.0019,0.00198,0.00213,0.00245,0.0102,0.01053,0.01066,0.01093,NA,-0.014826064
10/29/2023,2023,302,17,goodwaterbau_2023_10_29_115305.jpg,127.57459,100.46305,71.28714,0.33563,0.42621,126.89325,2.41377,100.62378,1.70528,72.3446,1.74008,0.33556,0.00065,0.33528,0.33587,0.33634,0.42318,0.00444,0.42337,0.42621,0.42917,37.25185,NA,0,0,0,0,0.33432,0.33418,0.33498,0.33576,0.43288,0.43587,0.43927,0.44348,0.00183,0.0019,0.00206,0.00236,0.00982,0.01014,0.01026,0.01052,NA,-0.014568531
10/30/2023,2023,303,17,goodwaterbau_2023_10_30_115305.jpg,148.66646,115.12312,80.49978,0.33438,0.43181,155.44779,13.63179,117.85105,6.87389,80.44841,3.24425,0.3332,0.00129,0.33262,0.33435,0.33473,0.43878,0.01438,0.44829,0.45112,0.45365,36.9236,NA,0,0,0,0,0.33433,0.3342,0.33491,0.33554,0.43285,0.4365,0.43916,0.44279,0.0019,0.00198,0.00213,0.00245,0.0102,0.01053,0.01066,0.01093,NA,-0.014137409
10/31/2023,2023,304,17,goodwaterbau_2023_10_31_115305.jpg,160.56706,120.53302,80.46892,0.33336,0.44408,160.31219,12.53574,121.56216,6.67974,83.18954,3.2458,0.33302,0.00116,0.33325,0.33338,0.33367,0.43859,0.01322,0.44408,0.446,0.44717,36.59899,NA,0,0,0,0,0.33426,0.33415,0.33478,0.33533,0.43321,0.43721,0.4395,0.4428,0.00198,0.00206,0.00222,0.00255,0.01062,0.01097,0.0111,0.01138,NA,-0.013532695
11/1/2023,2023,305,17,goodwaterbau_2023_11_01_115306.jpg,161.3116,121.54822,81.61176,0.33349,0.44259,155.29046,14.44286,118.12458,8.22706,80.97142,4.12233,0.33338,0.0013,0.33343,0.33389,0.33396,0.43753,0.01342,0.44259,0.44433,0.44483,36.27813,NA,0,0,0,0,0.33402,0.33393,0.33448,0.33502,0.43449,0.43839,0.44093,0.44427,0.0019,0.00198,0.00213,0.00245,0.0102,0.01053,0.01066,0.01093,NA,-0.012754392
11/2/2023,2023,306,17,goodwaterbau_2023_11_02_115306.jpg,149.70664,111.64859,73.53077,0.33339,0.44704,154.18851,15.7663,116.31852,8.89953,78.6529,4.29274,0.33321,0.00115,0.33308,0.33347,0.33391,0.4408,0.01435,0.44704,0.44833,0.44972,35.96117,NA,0,0,0,0,0.33359,0.33354,0.33401,0.33456,0.4367,0.44025,0.44341,0.44701,0.00183,0.0019,0.00206,0.00236,0.00982,0.01014,0.01026,0.01052,NA,-0.011802498
11/3/2023,2023,307,17,goodwaterbau_2023_11_03_115305.jpg,151.20513,111.44359,71.81702,0.3332,0.45208,153.47005,7.77702,115.56388,4.03754,77.50968,2.90144,0.33349,0.00081,0.33369,0.33389,0.33397,0.44269,0.0092,0.44089,0.44527,0.45074,35.64821,NA,0,0,0,0,0.33315,0.33313,0.33354,0.3341,0.43897,0.44215,0.44601,0.4499,0.0019,0.00198,0.00213,0.00245,0.0102,0.01053,0.01066,0.01093,NA,-0.010677014
11/4/2023,2023,308,17,goodwaterbau_2023_11_04_115305.jpg,169.80057,124.94759,81.62672,0.33198,0.45115,146.21719,7.3632,112.34755,3.81375,78.81397,3.32139,0.33301,0.00039,0.33308,0.33315,0.33338,0.43324,0.01034,0.43501,0.43937,0.44571,35.33933,NA,0,0,0,0,0.33286,0.33287,0.33324,0.33382,0.44047,0.44348,0.44779,0.45181,0.00198,0.00206,0.00222,0.00255,0.01062,0.01097,0.0111,0.01138,NA,-0.00937794
11/5/2023,2023,309,17,goodwaterbau_2023_11_05_115306.jpg,157.55157,116.67525,76.60261,0.33257,0.44908,158.69865,14.42858,118.38928,9.04329,79.14757,5.04126,0.33237,0.00135,0.33232,0.33285,0.33392,0.44507,0.0095,0.44865,0.45048,0.45215,35.03466,NA,0,0,0,0,0.33276,0.33277,0.33317,0.33381,0.4409,0.44402,0.44854,0.4526,0.0019,0.00198,0.00213,0.00245,0.0102,0.01053,0.01066,0.01093,NA,-0.007905275
11/6/2023,2023,310,17,goodwaterbau_2023_11_06_115305.jpg,140.11851,108.04395,76.16778,0.33313,0.43202,148.62861,12.34697,113.18264,5.60674,78.31713,2.64677,0.33281,0.00136,0.33291,0.33325,0.33363,0.43633,0.01525,0.4345,0.44559,0.45874,34.73435,NA,0,0,0,0,0.33274,0.33274,0.33321,0.33394,0.44082,0.44418,0.44887,0.45297,0.00183,0.0019,0.00206,0.00236,0.00982,0.01014,0.01026,0.01052,NA,-0.00625902
11/7/2023,2023,311,17,goodwaterbau_2023_11_07_115305.jpg,151.04665,111.63111,72.4548,0.3331,0.45071,151.7783,15.10448,114.26583,7.85666,76.97903,4.67466,0.3332,0.00205,0.33306,0.33343,0.33604,0.44172,0.01691,0.44663,0.45215,0.45448,34.43846,NA,0,0,0,0,0.33275,0.33273,0.33327,0.33409,0.44066,0.44428,0.44903,0.45309,0.0019,0.00198,0.00213,0.00245,0.0102,0.01053,0.01066,0.01093,NA,-0.004439174
11/8/2023,2023,312,17,goodwaterbau_2023_11_08_115306.jpg,145.57295,113.88807,82.02227,0.33351,0.4263,158.45573,14.80533,118.95094,7.08697,80.21605,3.33531,0.33268,0.00148,0.3323,0.33384,0.33483,0.44227,0.0165,0.45208,0.45367,0.45529,34.14712,NA,0,0,0,0,0.33272,0.33269,0.33328,0.33413,0.44084,0.44464,0.44928,0.45316,0.00198,0.00206,0.00222,0.00255,0.01062,0.01097,0.0111,0.01138,NA,-0.002445739
11/9/2023,2023,313,17,goodwaterbau_2023_11_09_115305.jpg,148.01884,108.9269,70.97196,0.33218,0.45139,148.5159,6.60999,112.46562,3.51222,77.17995,3.41989,0.33259,0.00056,0.3326,0.33299,0.3333,0.43909,0.01004,0.43961,0.44838,0.44881,33.86047,NA,0,0,0,0,0.33265,0.33263,0.33322,0.33402,0.44158,0.44557,0.44968,0.45303,0.0019,0.00198,0.00213,0.00245,0.0102,0.01053,0.01066,0.01093,NA,-0.000278713
11/10/2023,2023,314,17,goodwaterbau_2023_11_10_115305.jpg,152.09836,113.00396,74.40534,0.33285,0.448,152.32976,16.74643,114.25205,9.20214,76.98137,4.36159,0.33264,0.00169,0.33278,0.33312,0.33344,0.44239,0.01678,0.44772,0.44927,0.45148,33.5786,NA,0,0,0,0,0.33259,0.33258,0.33315,0.33383,0.44261,0.44683,0.45003,0.4526,0.00183,0.0019,0.00206,0.00236,0.00982,0.01014,0.01026,0.01052,NA,0.002061904
11/11/2023,2023,315,17,goodwaterbau_2023_11_11_115305.jpg,153.21291,113.8189,74.77588,0.33299,0.44824,156.06845,11.66946,116.93171,6.09085,78.86497,3.83789,0.33236,0.0015,0.33258,0.33324,0.33359,0.44313,0.01322,0.44819,0.44943,0.45334,33.30162,NA,0,0,0,0,0.33253,0.33254,0.33308,0.33364,0.44359,0.44793,0.45025,0.45203,0.0019,0.00198,0.00213,0.00245,0.0102,0.01053,0.01066,0.01093,NA,0.00457611
11/12/2023,2023,316,17,goodwaterbau_2023_11_12_115305.jpg,152.95286,113.85279,75.02751,0.33307,0.44745,151.76279,16.26546,114.11667,8.99874,76.99744,4.12102,0.33291,0.00159,0.33274,0.3334,0.33364,0.44167,0.0158,0.44745,0.44869,0.44973,33.02964,NA,0,0,0,0,0.3325,0.33252,0.33302,0.3335,0.44418,0.44839,0.45025,0.45154,0.00198,0.00206,0.00222,0.00255,0.01062,0.01097,0.0111,0.01138,NA,0.007263907
11/13/2023,2023,317,16,goodwaterbau_2023_11_13_115306.jpg,155.43355,115.26436,75.98234,0.33248,0.44835,154.48151,14.18584,114.86619,9.29002,76.46072,5.13908,0.33221,0.00101,0.33249,0.33265,0.33324,0.44637,0.00576,0.44849,0.4491,0.45108,32.76277,NA,0,0,0,0,0.33248,0.3325,0.33296,0.3334,0.4443,0.44796,0.44997,0.45113,0.0019,0.00198,0.00213,0.00245,0.0102,0.01053,0.01066,0.01093,NA,0.010125295
11/14/2023,2023,318,15,goodwaterbau_2023_11_14_115305.jpg,156.06169,115.58009,76.05095,0.33242,0.44885,154.16303,14.09754,114.72655,9.3784,76.38677,5.2418,0.33231,0.00063,0.33231,0.33269,0.3332,0.44617,0.00441,0.44851,0.44973,0.4505,32.50113,NA,0,0,0,0,0.33247,0.3325,0.33289,0.33331,0.44415,0.44691,0.44947,0.4507,0.00183,0.0019,0.00206,0.00236,0.00982,0.01014,0.01026,0.01052,NA,0.013160272
11/15/2023,2023,319,15,goodwaterbau_2023_11_15_115306.jpg,156.16716,115.27969,75.29357,0.33247,0.45039,154.95623,14.37372,114.98645,9.67944,76.02572,5.50149,0.33239,0.00054,0.33225,0.33267,0.33312,0.4476,0.00404,0.44938,0.45069,0.45122,32.24482,NA,0,0,0,0,0.33247,0.33252,0.33285,0.33328,0.44376,0.44557,0.44885,0.45027,0.0019,0.00198,0.00213,0.00245,0.0102,0.01053,0.01066,0.01093,NA,0.01636884
11/16/2023,2023,320,15,goodwaterbau_2023_11_16_115305.jpg,148.37258,112.45376,76.26402,0.3336,0.44016,153.5322,10.03132,115.75388,5.51732,78.81632,2.94594,0.33254,0.00057,0.33249,0.33286,0.33335,0.44074,0.01,0.44267,0.45047,0.45183,31.99393,NA,0,0,0,0,0.33252,0.33257,0.33288,0.33331,0.4432,0.44424,0.44824,0.44986,0.00198,0.00206,0.00222,0.00255,0.01062,0.01097,0.0111,0.01138,NA,0.019750998
11/17/2023,2023,321,15,goodwaterbau_2023_11_17_115305.jpg,155.91422,115.95266,76.40337,0.33294,0.44768,155.02895,11.52202,115.96591,7.80866,77.48969,4.35663,0.33278,0.00047,0.33287,0.33301,0.33331,0.44467,0.00386,0.44597,0.44757,0.44796,31.74859,NA,0,0,0,0,0.33263,0.3327,0.33303,0.33347,0.44237,0.44269,0.4475,0.44931,0.0019,0.00198,0.00213,0.00245,0.0102,0.01053,0.01066,0.01093,NA,0.023306747
11/18/2023,2023,322,15,goodwaterbau_2023_11_18_115305.jpg,155.86972,115.96348,76.28065,0.33312,0.44776,152.66967,13.64788,113.86218,9.18548,75.66469,5.30769,0.33278,0.00079,0.33297,0.33319,0.33363,0.44587,0.00406,0.44694,0.44798,0.44882,31.50889,NA,0,0,0,0,0.33281,0.33289,0.33327,0.33371,0.44126,0.44078,0.44654,0.44861,0.00183,0.0019,0.00206,0.00236,0.00982,0.01014,0.01026,0.01052,NA,0.027036086
11/19/2023,2023,323,15,goodwaterbau_2023_11_19_115306.jpg,141.36955,108.53738,76.19934,0.33283,0.43351,151.12052,11.54355,114.37226,5.72348,78.60555,2.28339,0.33241,0.00063,0.33265,0.33277,0.33281,0.43866,0.01199,0.43505,0.44821,0.45299,31.27495,NA,0,0,0,0,0.33298,0.33308,0.33351,0.33395,0.44001,0.43891,0.44559,0.44798,0.0019,0.00198,0.00213,0.00245,0.0102,0.01053,0.01066,0.01093,NA,0.030939015
11/20/2023,2023,324,15,goodwaterbau_2023_11_20_115305.jpg,141.20284,107.57323,74.58733,0.33267,0.43667,134.42306,3.01826,104.15816,1.358,74.54872,1.3978,0.33264,0.00069,0.33266,0.33295,0.3337,0.42925,0.00539,0.42916,0.4333,0.43564,31.04683,NA,0,0,0,0,0.33309,0.33322,0.33368,0.3341,0.4388,0.43751,0.44488,0.4476,0.00198,0.00206,0.00222,0.00255,0.01062,0.01097,0.0111,0.01138,NA,0.035015535
11/21/2023,2023,325,6,goodwaterbau_2023_11_21_125306.jpg,172.74952,126.41166,81.63841,0.33196,0.45365,144.71998,19.03513,112.50276,9.8152,79.61901,5.5474,0.33419,0.00247,0.33429,0.336,0.33709,0.42836,0.01948,0.42113,0.44651,0.45461,29.25058,NA,0,0,0,0,0.33314,0.33331,0.3338,0.33419,0.43742,0.43671,0.44466,0.4477,0.00191,0.00199,0.00215,0.00247,0.01026,0.01059,0.01072,0.01099,NA,0.039265644
11/22/2023,2023,326,15,goodwaterbau_2023_11_22_115305.jpg,152.10882,114.0049,75.39772,0.33382,0.4454,154.75383,12.24193,116.21562,8.28154,77.81282,5.02664,0.33323,0.00104,0.33355,0.33397,0.33402,0.4435,0.00581,0.44425,0.44616,0.44853,30.60851,NA,0,0,0,0,0.33318,0.3334,0.33392,0.33426,0.43592,0.43621,0.44469,0.44807,0.00192,0.002,0.00216,0.00247,0.0103,0.01063,0.01076,0.01103,NA,0.043689345
11/23/2023,2023,327,15,goodwaterbau_2023_11_23_115305.jpg,151.1978,113.26575,74.78194,0.33388,0.44569,154.37714,13.35581,115.81016,9.29655,77.27902,5.63751,0.33332,0.00071,0.3335,0.33388,0.3341,0.44411,0.00348,0.44568,0.4461,0.4466,30.39848,NA,0,0,0,0,0.33318,0.33344,0.33398,0.33429,0.43479,0.43582,0.44449,0.44825,0.00199,0.00207,0.00224,0.00257,0.01068,0.01103,0.01117,0.01144,NA,0.048286635
11/24/2023,2023,328,15,goodwaterbau_2023_11_24_115305.jpg,161.58261,122.03098,82.49869,0.33332,0.44135,151.03912,8.5864,114.86672,5.44151,78.59539,3.38165,0.33344,0.00038,0.33354,0.33364,0.33367,0.43827,0.00709,0.44014,0.44206,0.44405,30.19464,NA,0,0,0,0,0.33311,0.3334,0.33393,0.33419,0.43443,0.43636,0.44439,0.44853,0.00195,0.00203,0.00219,0.00252,0.01048,0.01082,0.01096,0.01123,NA,0.053057516
11/25/2023,2023,329,15,goodwaterbau_2023_11_25_115306.jpg,152.38654,114.03984,75.46122,0.33356,0.44572,155.80604,11.2639,116.52611,7.89523,77.80276,4.91699,0.33282,0.00086,0.33309,0.33353,0.33361,0.44488,0.00296,0.44549,0.44609,0.44646,29.9971,NA,0,0,0,0,0.33302,0.33334,0.33384,0.33406,0.43417,0.43691,0.44416,0.44871,0.00199,0.00207,0.00224,0.00257,0.01069,0.01104,0.01118,0.01145,NA,0.058001987
11/26/2023,2023,330,15,goodwaterbau_2023_11_26_115305.jpg,148.50712,121.27668,95.27428,0.33221,0.4068,133.89994,19.47949,112.93179,6.43458,92.58555,16.34578,0.33275,0.00189,0.33335,0.3341,0.33432,0.39414,0.04939,0.4068,0.44038,0.45679,29.80583,NA,0,0,0,0,0.3329,0.33325,0.33372,0.33393,0.43352,0.43624,0.44316,0.44832,0.00191,0.00199,0.00214,0.00246,0.01024,0.01057,0.0107,0.01097,NA,0.063120048
11/27/2023,2023,331,15,goodwaterbau_2023_11_27_115305.jpg,152.10629,113.75638,75.67399,0.33307,0.44536,155.84066,10.05965,116.69527,5.55323,78.78462,3.55348,0.3322,0.00137,0.33275,0.33313,0.33343,0.44332,0.00984,0.44654,0.44829,0.45267,29.62101,NA,0,0,0,0,0.33272,0.33309,0.33354,0.33375,0.43278,0.43515,0.44182,0.44775,0.00186,0.00193,0.00209,0.0024,0.00997,0.0103,0.01043,0.01069,NA,0.0684117
11/28/2023,2023,332,15,goodwaterbau_2023_11_28_115305.jpg,152.09833,114.58443,76.91715,0.33348,0.44266,153.46842,11.86134,115.66051,8.29971,78.61188,5.39337,0.33264,0.00108,0.33301,0.33346,0.33364,0.44121,0.00273,0.44266,0.44315,0.4436,29.44268,NA,0,0,0,0,0.33257,0.33297,0.33339,0.33361,0.43197,0.43384,0.44047,0.44711,0.00196,0.00204,0.00221,0.00253,0.01055,0.01089,0.01102,0.0113,NA,0.073876942
11/29/2023,2023,333,15,goodwaterbau_2023_11_29_115306.jpg,155.20374,116.19882,77.49027,0.33305,0.44485,153.86892,14.1055,115.37004,9.81919,77.67131,6.15699,0.3326,0.00091,0.33298,0.3332,0.33348,0.44334,0.00358,0.44351,0.44482,0.44568,29.27096,NA,0,0,0,0,0.33255,0.33296,0.33337,0.3336,0.43111,0.43254,0.4394,0.44646,0.00207,0.00215,0.00233,0.00267,0.01111,0.01147,0.01162,0.0119,NA,0.079515774
11/30/2023,2023,334,15,goodwaterbau_2023_11_30_115305.jpg,141.4485,112.18945,82.52883,0.33373,0.42077,142.09196,12.79222,111.41429,5.90331,80.77577,3.2489,0.33333,0.00111,0.33373,0.334,0.33434,0.4244,0.01547,0.42077,0.42407,0.44712,29.10578,NA,0,0,0,0,0.33273,0.33315,0.33355,0.33378,0.43014,0.431,0.43847,0.44551,0.002,0.00208,0.00225,0.00258,0.01074,0.01109,0.01123,0.01151,NA,0.085328197
