date,doy,EVI
2023-04-01,91,0.30293977
2023-04-02,92,0.28103364
2023-04-03,93,0.29931676
2023-04-04,94,0.3286288
2023-04-05,95,0.32902312
2023-04-06,96,0.3628996
2023-04-07,97,0.36571267
2023-04-08,98,0.32455623
2023-04-09,99,0.3142854
2023-04-10,100,0.31734675
2023-04-11,101,0.310415
2023-04-12,102,0.27121305
2023-04-13,103,0.26588503
2023-04-14,104,0.2806335
2023-04-15,105,0.26472265
2023-04-16,106,0.25916725
2023-04-17,107,0.20555013
2023-04-18,108,0.192342
2023-04-19,109,0.2252354
2023-04-20,110,0.19104531
2023-04-21,111,0.18287602
2023-04-22,112,0.18294103
2023-04-23,113,0.17548916
2023-04-24,114,0.17922315
2023-04-25,115,0.17126167
2023-04-26,116,0.16783555
2023-04-27,117,0.16917868
2023-04-28,118,0.16817494
2023-04-29,119,0.16083229
2023-04-30,120,0.18964489
2023-05-01,121,0.19156216
2023-05-02,122,0.1600602
2023-05-03,123,0.16429657
2023-05-04,124,0.16944374
2023-05-05,125,0.1664327
2023-05-06,126,0.16929677
2023-05-07,127,0.16354978
2023-05-08,128,0.18874519
2023-05-09,129,0.19802773
2023-05-10,130,0.174917
2023-05-11,131,0.18591154
2023-05-12,132,0.16455713
2023-05-13,133,0.16842629
2023-05-14,134,0.19644353
2023-05-15,135,0.19672753
2023-05-16,136,0.19973335
2023-05-17,137,0.20799842
2023-05-18,138,0.21866311
2023-05-19,139,0.22512186
2023-05-20,140,0.23467913
2023-05-21,141,0.24489221
2023-05-22,142,0.24968052
2023-05-23,143,0.2537838
2023-05-24,144,0.2957878
2023-05-25,145,0.30513895
2023-05-26,146,0.29062006
2023-05-27,147,0.30127585
2023-05-28,148,0.31057864
2023-05-29,149,0.32831076
2023-05-30,150,0.33917856
2023-05-31,151,0.3488515
2023-06-01,152,0.37254965
2023-06-02,153,0.3834586
2023-06-03,154,0.3857559
2023-06-04,155,0.37898418
2023-06-05,156,0.39022878
2023-06-06,157,0.42208803
2023-06-07,158,0.43005937
2023-06-08,159,0.44089234
2023-06-09,160,0.45455104
2023-06-10,161,0.46773016
2023-06-11,162,0.4874469
2023-06-12,163,0.50022966
2023-06-13,164,0.5067986
2023-06-14,165,0.5152283
2023-06-15,166,0.5279346
2023-06-16,167,0.5505229
2023-06-17,168,0.564769
2023-06-18,169,0.5788752
2023-06-19,170,0.59508824
2023-06-20,171,0.6075178
2023-06-21,172,0.6198889
2023-06-22,173,0.63334966
2023-06-23,174,0.64475137
2023-06-24,175,0.66435695
2023-06-25,176,0.68871486
2023-06-26,177,0.69496584
2023-06-27,178,0.6916939
2023-06-28,179,0.6966002
2023-06-29,180,0.70493925
2023-06-30,181,0.7104844
2023-07-01,182,0.7146396
2023-07-02,183,0.7164899
2023-07-03,184,0.72746265
2023-07-04,185,0.72785753
2023-07-05,186,0.7188301
2023-07-06,187,0.71977425
2023-07-07,188,0.7176042
2023-07-08,189,0.7169586
2023-07-09,190,0.7001006
2023-07-10,191,0.6962253
2023-07-11,192,0.70670086
2023-07-12,193,0.7015122
2023-07-13,194,0.7033757
2023-07-14,195,0.6663265
2023-07-15,196,0.6622335
2023-07-16,197,0.691108
2023-07-17,198,0.6820397
2023-07-18,199,0.6765596
2023-07-19,200,0.6869769
2023-07-20,201,0.6846537
2023-07-21,202,0.6700362
2023-07-22,203,0.67069453
2023-07-23,204,0.667657
2023-07-24,205,0.66535753
2023-07-25,206,0.66152656
2023-07-26,207,0.65863335
2023-07-27,208,0.6625316
2023-07-28,209,0.6567695
2023-07-29,210,0.653793
2023-07-30,211,0.6489781
2023-07-31,212,0.6363354
2023-08-01,213,0.63293326
2023-08-02,214,0.6281917
2023-08-03,215,0.6224442
2023-08-04,216,0.62221265
2023-08-05,217,0.59500957
2023-08-06,218,0.59061736
2023-08-07,219,0.6103556
2023-08-08,220,0.60261
2023-08-09,221,0.60067147
2023-08-10,222,0.59102213
2023-08-11,223,0.5885463
2023-08-12,224,0.5945333
2023-08-13,225,0.5909145
2023-08-14,226,0.5862211
2023-08-15,227,0.5945386
2023-08-16,228,0.5923854
2023-08-17,229,0.57780397
2023-08-18,230,0.59483284
2023-08-19,231,0.59279037
2023-08-20,232,0.574216
2023-08-21,233,0.57288134
2023-08-22,234,0.5673419
2023-08-23,235,0.56380385
2023-08-24,236,0.55931926
2023-08-25,237,0.5546345
2023-08-26,238,0.5483819
2023-08-27,239,0.53954345
2023-08-28,240,0.5371285
2023-08-29,241,0.5291987
2023-08-30,242,0.50567055
2023-08-31,243,0.4971789
2023-09-01,244,0.49222234
2023-09-02,245,0.49172977
2023-09-03,246,0.4800532
2023-09-04,247,0.4549183
2023-09-05,248,0.44362956
2023-09-06,249,0.4294392
2023-09-07,250,0.41443536
2023-09-08,251,0.40152377
2023-09-09,252,0.37098068
2023-09-10,253,0.35441932
2023-09-11,254,0.3547595
2023-09-12,255,0.32615227
2023-09-13,256,0.32323456
2023-09-14,257,0.30151004
2023-09-15,258,0.27484393
2023-09-16,259,0.27754658
2023-09-17,260,0.25559452
2023-09-18,261,0.24267627
2023-09-19,262,0.23446643
2023-09-20,263,0.22097528
2023-09-21,264,0.20964405
2023-09-22,265,0.1988653
2023-09-23,266,0.19073853
2023-09-24,267,0.17222747
2023-09-25,268,0.16315073
2023-09-26,269,0.16484848
2023-09-27,270,0.15468025
2023-09-28,271,0.14798915
2023-09-29,272,0.14555368
2023-09-30,273,0.14058673
2023-10-01,274,0.13521752
2023-10-02,275,0.13250282
2023-10-03,276,0.12953041
2023-10-04,277,0.12910157
2023-10-05,278,0.127942
2023-10-06,279,0.12550901
2023-10-07,280,0.1258842
2023-10-08,281,0.12617685
2023-10-09,282,0.12785588
2023-10-10,283,0.12829003
2023-10-11,284,0.12771049
2023-10-12,285,0.12904501
2023-10-13,286,0.13040951
2023-10-14,287,0.12866184
2023-10-15,288,0.1475644
2023-10-16,289,0.14945176
2023-10-17,290,0.1337406
2023-10-18,291,0.13681972
2023-10-19,292,0.14101198
2023-10-20,293,0.14140202
2023-10-21,294,0.13758594
2023-10-22,295,0.13742717
2023-10-23,296,0.13659236
2023-10-24,297,0.13626698
2023-10-25,298,0.13502511
2023-10-26,299,0.1332725
2023-10-27,300,0.1308353
2023-10-28,301,0.12820315
2023-10-29,302,0.12572931
2023-10-30,303,0.12147519
2023-10-31,304,0.12757099
2023-11-01,305,0.1122496
2023-11-02,306,0.10401912
2023-11-03,307,0.11634639
2023-11-04,308,0.11213128
2023-11-05,309,0.111799315
2023-11-06,310,0.10427742
2023-11-07,311,0.10297583
2023-11-08,312,0.10793768
2023-11-09,313,0.10645117
2023-11-10,314,0.1068303
2023-11-11,315,0.10453802
2023-11-12,316,0.105000526
2023-11-13,317,0.10711218
2023-11-14,318,0.10766077
2023-11-15,319,0.10877291
2023-11-16,320,0.11430149
2023-11-17,321,0.11509518
2023-11-18,322,0.11133967
2023-11-19,323,0.11337452
2023-11-20,324,0.1145245
2023-11-21,325,0.11577192
2023-11-22,326,0.11657581
2023-11-23,327,0.1143678
2023-11-24,328,0.12932968
2023-11-25,329,0.12902224
2023-11-26,330,0.112902105
2023-11-27,331,0.11640559
2023-11-28,332,0.09259249
2023-11-29,333,0.1911806
